names,price,date,location,description,location_url,type,event_link,Latitude,Longitude,nearest_neighborhood
"ูุนุงููุฉ ""ุจุงุฒุงุฑ ุฑูู""",0.0,13 ุฑูุถุงู - 22 ุฑูุถุงู,ูุงุฌูุฉ ุฑูุดู,"ุชูุทูู ููู ุงูุฎููุณ ุงูููุจู ูุนุงููุงุช ""ุจุงุฒุงุฑ ุฑูู""ุ ุงูุฐู ููุธูู ุจุฑูุงูุฌ ุงูุชูููุฉ ุงูุฑูููุฉ ุงูุฒุฑุงุนูุฉ ุงููุณุชุฏุงูุฉ ""ุฑูู ุงูุณุนูุฏูุฉ"" ูู ูุงุฌูุฉ ุฑูุดู ุจุงูุฑูุงุถุ ูุฏุนู ูุชุญููุฒ ุงูุฃุณุฑ ุงูุฑูููุฉ ุงูููุชุฌุฉุ ูู ุฎูุงู ุชุณููุท ุงูุถูุก ุนูู ููุชุฌุงุชูุง ุงูุฒุฑุงุนูุฉ ุงููุญููุฉุ ูุงูุญุฑู ุงูุชูููุฏูุฉ ุงูุชู ุชุญูู ุนุจุฑูุงุ ุฃุตุงูุฉ ุงูุชุฑุงุซ ุงูุณุนูุฏูุ ูุฅุจุฏุงุน ุงูุฃุณุฑ ูู ุนูุณ ุงูุชููุน ุงูุซูุงูู ุงููุฑูุฏ ููู ููุทูุฉ.

 ูุชุดุชูู ุงููุนุงููุงุช ุงูุชู ุชุณุชูุฑ ุนูู ูุฏุงุฑ (10) ุฃูุงูุ ุนูู ุฃูุดุทุฉ ูุชููุนุฉ ุชูุจู ุงูุชูุงูุงุช ุงูุฒูุงุฑุ ูู ุนุฑูุถ ููุญูุฑู ุงููุฏููุฉุ ูุชุฐูู ุงูููุชุฌุงุช ุงูุฑูููุฉุ ุฅูู ุฌุงูุจ ุงูุงุณุชูุชุงุน ุจุงูุฃุฌูุงุก ุงูุฑูุถุงููุฉ ุงูุฎุงุตุฉุ ุงูุชู ุชุนูุณ ุฌูุงูุจ ูู ุงูุชุฑุงุซ ูุงูุซูุงูุฉ ุงูุณุนูุฏูุฉ.","https://www.google.com/maps/place/24%C2%B050'28.9%22N+46%C2%B043'59.7%22E/@24.8413476,46.7332522,17z/data=!3m1!4b1!4m4!3m3!8m2!3d24.8413476!4d46.7332522?hl=ar&entry=ttu&g_ep=EgoyMDI1MDMxMC4wIKXMDSoJLDEwMjExNDUzSAFQAw%3D%3D",Exhibitions and festivals,https://x.com/ReefSaudi/status/1898784830596190389,24.8413476,46.7332522,Qurtubah
ููุงูู ูุงูุฏ ุงูุฑูุถุงููุฉ,0.0,04 ุฑูุถุงู - 29 ุฑูุถุงู,ูุงูุฏ,"ุชุถู  ููุงูู ูุงูุฏ ุงูุฑูุถุงููุฉ ูุฌููุนุฉ ูุชููุนุฉ ูู ุงูุฃูุดุทุฉ ุงููุฌุชูุนูุฉ ุงูุชูููุฏูุฉ ูุงูุชุฌุงุฑุจ ุงูุชู ุชูุงุณุจ ุฌููุน ุงููุฆุงุช ุงูุนูุฑูุฉ ุนูู ูุฏุงุฑ ุงูุดูุฑ ูุงููุณุชูุญุงุฉ ูู ููู ุงูุดูุฑ ุงููุถูู ูู ุงูุฃููุฉ ูุงูุชุฃูู ูุงูุงุญุชูุงู.

ุงูููุงุทู ูุงูุฃูุดุทุฉ:

ุฎููุฉ ุงูุฅูุทุงุฑ ูุงูุณุญูุฑ
ุงูุณูู: ูุฌููุนุฉ ูู ูุญูุงุช ุงูุฃุฒูุงุกุ ุงููุฌููุฑุงุชุ ูุงูุนุทูุฑ
ููุทูุฉ ุงูููุฒุฑ ุชุงู: ุงุณุชูุชุนูุง ุจุชุฌุฑุจุฉ ุงูููุฒุฑ ุชุงู ุงูุญูุงุณูุฉ ุถูู ุฃุฌูุงุก ุฑุงุฆุนุฉ ูุฌููุน ุงูุฃุนูุงุฑ","https://www.google.com/maps/place/24%C2%B046'04.3%22N+46%C2%B038'39.8%22E/@24.767865,46.6443752,17z/data=!3m1!4b1!4m4!3m3!8m2!3d24.767865!4d46.6443752?hl=ar&entry=ttu&g_ep=EgoyMDI1MDMxMC4wIKXMDSoJLDEwMjExNDUzSAFQAw%3D%3D",Exhibitions and festivals,https://kafdramadannights.com/,24.767865,46.6443752,Al Ghadir
ูุนุฑุถ ูู ุงูููููุฉ,0.0,25 ุดุนุจุงู - 26 ุดููุงู,ุญู ุฌุงูุณ - ุงูุฏุฑุนูุฉ,"ุงูุชุชุญุช ููุฆุฉ ุงููุชุงุญู ูู ุงูุฑูุงุถุ ูุนุฑุถ ""ููู ุงูููููุฉ"" ูู ูุญุทูุชู ุงูุซุงููุฉุ ุจุงููุชุญู ุงูุณุนูุฏู ูููู ุงููุนุงุตุฑ ูู ุฌุงูุณุ ูุฐูู ุจุนุฏ ุงููุฌุงุญ ุงูุฐู ุญููู ูู ุฃููู ูุญุทุงุชู ุงูุฏูููุฉ ูู ุฑูู ุฏู ุฌุงููุฑู- ุงูุจุฑุงุฒูู.

 ูุงูุทูุงููุง ูู ุฏูุฑ ููุฆุฉ ุงููุชุงุญู ูู ุชุนุฒูุฒ ุงูุฃุดูุงู ุงูุฌุฏูุฏุฉ ูู ุงูุชุนุจูุฑ ุงูุฅุจุฏุงุนู ูุฏุนู ุงูููุงูููุ ูุญุชูู ""ููู ุงูููููุฉ"" ุจุงููุดูุฏ ุงูููู ุงูุณุนูุฏู ุงููุนุงุตุฑุ ููุฏูููุง ุฑุคู ุฅุจุฏุงุนูุฉ ูุชููุนุฉ ุชุนูุณ ุซุฑุงุก ุงููููุฉ ุงูุซูุงููุฉ ููููููุฉ.","https://www.google.com/maps/place/24%C2%B044'44.8%22N+46%C2%B032'07.3%22E/@24.7457875,46.5353618,17z/data=!3m1!4b1!4m4!3m3!8m2!3d24.7457875!4d46.5353618?hl=ar&entry=ttu&g_ep=EgoyMDI1MDMxMC4wIKXMDSoJLDEwMjExNDUzSAFQAw%3D%3D",Exhibitions and festivals,https://x.com/MOCMuseums,24.7457875,46.5353618,Hittin
ูุคุชูุฑ ูุงุฏุฉ ุงูููุงุฑุฏ ุงูุจุดุฑูุฉ ุจุงูุฑูุงุถ,0.0,23 ุดููุงู,ููุฏู ููููุ ุงูุฑูุงุถ,"ููุนูุฏ ""ูุคุชูุฑ ูุงุฏุฉ ุงูููุงุฑุฏ ุงูุจุดุฑูุฉ"" ููุตุฉ ุฑุงุฆุฏุฉ ูู ูุฌุงู ุงูููุงุฑุฏ ุงูุจุดุฑูุฉุ ุญูุซ ููุฏู ูุนุงููุงุช ูุชููุฒุฉ ุชุฑูุฒ ุนูู ุงุญุชูุงุฌุงุช ุงููุณุชุฎุฏูููุ ูุชุณุงูู ูู ุชูููู ูุงุฏุฉ ุงูููุงุฑุฏ ุงูุจุดุฑูุฉ ูู ุงููุดุงุฑูุฉ ูู ููุงุดุงุช ุญูููุฉ ูุน ูุจุงุฑ ุงููุฏูุฑูู ุงูุชูููุฐููู ูู ูุฐุง ุงููุทุงุน.","https://www.google.com/maps/place/24%C2%B039'59.9%22N+46%C2%B041'48.2%22E/@24.666637,46.6967202,17z/data=!3m1!4b1!4m4!3m3!8m2!3d24.666637!4d46.6967202?hl=ar&entry=ttu&g_ep=EgoyMDI1MDMxMC4wIKXMDSoJLDEwMjExNDUzSAFQAw%3D%3D",Exhibitions and festivals,https://ksa.hrleadersconference.com/,24.666637,46.6967202,Al Murabba
ูุนุฑุถ ุฃูุชููููุงูููุง ุงูุฑูุงุถ,0.0,30 ุดููุงู - 02 ุฐู ุงููุนุฏุฉ,ูุฑูุฒ ุงูุฑูุงุถ ุงูุฏููู ูููุคุชูุฑุงุช ูุงููุนุงุฑุถ,"ุงููุนุฑุถ ุงูุชุฌุงุฑู ุงูุฅููููู ุงูุฑุงุฆุฏ ูู ุงูุณุนูุฏูุฉ ููุทุงุน ุฎุฏูุงุช ุงููุฑูุจุงุช ูุนูุฏ ูู ุฏูุฑุชู ุงูุณุงุจุนุฉ!

ูุณุชุนุฏ ุฃูุชููููุงูููุง ุงูุฑูุงุถ ูุฐุง ุงูุนุงู ูุฅุนุงุฏุฉ ุชุนุฑูู ุชุฌุฑุจุฉ ูุทุงุน ุฎุฏูุงุช ุงููุฑูุจุงุช. ุงุณุชุนุฏ ูุงูุชุดุงู ุฃูุจุฑ ูุนุฑุถ ุนุงููู ููุนูุงูุงุช ุงูุชุฌุงุฑูุฉ ุงูุฑุงุฆุฏุฉุ ูุงูุชูููุงุช ุงููุจุชูุฑุฉุ ูุงูููุชุฌุงุช ุงูุชู ุชุบุทู ุฌููุน ุฌูุงูุจ ุณูุณูุฉ ุงูุชูุฑูุฏ ูู ูุฐุง ุงููุทุงุน. ูุง ุชูููุช ูุฑุตุฉ ุงูุชูุงุตู ูุน ุฃูุซุฑ ูู 450 ุนุงุฑุถุงู ูู 32 ุฏููุฉุ ุฅูู ุฌุงูุจ 9 ุฃุฌูุญุฉ ุฏูููุฉุ ุฎูุงู ุซูุงุซุฉ ุฃูุงู ุญุงููุฉ ุจุงููุนุงููุงุช ูุงููุฑุต ุงูุชุฌุงุฑูุฉ.","https://www.google.com/maps/place/24%C2%B045'11.0%22N+46%C2%B043'36.4%22E/@24.7530562,46.7267723,17z/data=!3m1!4b1!4m4!3m3!8m2!3d24.7530562!4d46.7267723?hl=ar&entry=ttu&g_ep=EgoyMDI1MDMxMS4wIKXMDSoJLDEwMjExNDUzSAFQAw%3D%3D",Exhibitions and festivals,https://www.automechanikariyadh.com/ar.html,24.7530562,46.7267723,Al Mughrizat
ูุนุฑุถ ุงูุณูุงุฑุงุช ุงูููุฑุจุงุฆูุฉ,0.0,06 ุฐู ุงููุนุฏุฉ - 08 ุฐู ุงููุนุฏุฉ,ูุงุฌูุฉ ุงูุฑูุงุถ ูููุนุงุฑุถ ูุงููุคุชูุฑุงุช,"ูุณูุท ุงููุนุฑุถ ูุนุฑุถ ุงูุณูุงุฑุงุช ุงูููุฑุจุงุฆูุฉ  ุงูุถูุก ุนูู ุงูุชุทูุฑุงุช ุงููุชุณุงุฑุนุฉ ูู ูุทุงุน ุงููุฑูุจุงุช ุงูููุฑุจุงุฆูุฉ. ูุชุนุฒูุฒ ุงููุนู ุจุฃูููุฉ ุงูุชุญูู ูุญู ุงูุทุงูุฉ ุงููุธููุฉ ูุงููุณุชุฏุงูุฉ. ูุฐูู ุชูุงุดููุง ูุน ุฑุคูุฉ ุงูููููุฉ 2030 ุงูุชู ุชูุฏู ุฅูู ุจูุงุก ุงูุชุตุงุฏ ูุชููุน ููุณุชุฏุงู.

ููุง ูุดูู ุงููุนุฑุถ ูุฌููุนุฉ ูุชููุนุฉ ูู ุงูุนุฑูุถ ุงูุชูุถูุญูุฉ ูุงููุฑุด ุงูุนูู. ูุงูุชู ุชุบุทู ุฃุญุฏุซ ุงูุชูููุงุช ูู ูุฌุงู ุงููุฑูุจุงุช ุงูููุฑุจุงุฆูุฉ ูุงูุจููุฉ ุงูุชุญุชูุฉ ุงููุงุฒูุฉ ูุฏุนููุง.","https://www.google.com//maps/search/24.835667695113,46.729393550928?hl=ar",Exhibitions and festivals,https://evs-saudi.com/,24.835667695113,46.729393550928,Qurtubah
ูุนุฑุถ ูุดุฑูุนุงุช ุงูุณุนูุฏูุฉ,0.0,07 ุฐู ุงููุนุฏุฉ - 09 ุฐู ุงููุนุฏุฉ,ูุฑูุฒ ุงูุฑูุงุถ ุงูุฏููู ูููุคุชูุฑุงุช ูุงููุนุงุฑุถ,"ุงูุฏูุฑุฉ ุงูุฃููู ูู ุงููุนุฑุถ ุงูุนุงู ุงููุงุถู ูุงูุช ุญุฏุซูุง ุงุณุชุซูุงุฆููุง ุจูู ุงูููุงููุณ. ุงุณุชูุทุจ ุนุฏุฏูุง ูุจูุฑูุง ูู ุงูุฒูุงุฑ ูุงููุชุฎุตุตูู ูู ูุทูุฑูู ุนูุงุฑููู ููุชููู ุจุงูุงุณุชุฏุงูุฉ ุฅูู ุดุฑูุงุช ุงูุจูุงุก ุงููุจุฑูุ ุญูุซ ุงูุชุดู ุงูุฌููุน ุฃุญุฏุซ ุงูุงุจุชูุงุฑุงุช ูุงูุญููู ูู ูุทุงุน ุงูุจูุงุก ุงููุณุชุฏุงู ูุซู ุงูุฅุณููุช ุงูุฃุฎุถุฑ ูุงูุญุฏูุฏ ุงูุงุฎุถุฑ ููุงูุฉ ููุชุฌุงุช ุงูุจูุงุก ุงููุณุชุฏุงูุฉ. ูุดูุฏ ุงููุนุฑุถ ุฃูุถูุง ุตููุงุช ูุดุฑุงูุงุช ุถุฎูุฉ ุงูุทููุช ูู ููุจ ุงูุฑูุงุถ.

ุฃูุง ูุฐู ุงูุณูุฉุ ูุงูุฏูุฑุฉ ุงูุซุงููุฉ ูู ุงููุนุฑุถ ุชุนุฏ ุจุฃู ุชููู ุฃูุจุฑ ูุฃูููุ ููุฌูุน ุจูู ุงูุงุจุชูุงุฑ ูุงูุงูุชุฒุงู ุจุงูุงุณุชุฏุงูุฉ. ุฅููุง ูุฑุตุฉ ุฐูุจูุฉ ููุดุฑูุงุช ุงููุทููุฉ ุงููุจุฑู ูุฏุนู ูุฐุง ุงูุญุฏุซ ุงููุฑูุฏ ูุงููุณุงููุฉ ูู ุชุนุฒูุฒ ุฑูุงุฏุฉ ุงูููููุฉ ูู ุฅูุงูุฉ ูุนุงุฑุถ ูุชุฎุตุตุฉ ุจูุฐุง ุงููุณุชูู.","https://www.google.com/maps/place/24%C2%B045'11.0%22N+46%C2%B043'36.4%22E/@24.7530562,46.7267723,17z/data=!3m1!4b1!4m4!3m3!8m2!3d24.7530562!4d46.7267723?hl=ar&entry=ttu&g_ep=EgoyMDI1MDMxMS4wIKXMDSoJLDEwMjExNDUzSAFQAw%3D%3D",Exhibitions and festivals,https://www.saudiprojectshow.com/,24.7530562,46.7267723,Al Mughrizat
ูุนุฑุถ ุงูููุงุฏู ูุงูุถูุงูุฉ ุจุงูููููุฉ ุงูุนุฑุจูุฉ ุงูุณุนูุฏูุฉ,0.0,10 ุดููุงู - 12 ุดููุงู,ูุฑูุฒ ุงูุฑูุงุถ ุงูุฏููู ูููุคุชูุฑุงุช ูุงููุนุงุฑุถ,"ุนูู ูุฏุงุฑ ุฃูุซุฑ ูู ุนูุฏ ูู ุงูุฒูุงูุ ูุฌุญ ูุนุฑุถ ุงูููุงุฏู ูุงูุถูุงูุฉ ุจุงูููููุฉ ุงูุนุฑุจูุฉ ุงูุณุนูุฏูุฉ ูู ุชูุญูุฏ ุงูุดุฑูุงุช ุงูุฑุงุฆุฏุฉ ูุน ุงููุดุชุฑูู ุงูุฃูุซุฑ ุชุฃุซูุฑูุง ูู ูุทุงุน ุงูููุงุฏู ูุงูุถูุงูุฉ.

ูุน ุชูุฏู ุงูููููุฉ ุงูุนุฑุจูุฉ ุงูุณุนูุฏูุฉ ูุญู ุชุญููู ูุฏู ุฑุคูุฉ 2030 ุงููุชูุซู ูู ุงูุชุตุงุฏ ุฃูุซุฑ ุชููุนูุงุ ููุฏ ุดูุฏุช ุตูุงุนุฉ ุงูุถูุงูุฉ ุทูุฑุฉ ูุจูุฑุฉุ ูุฐูู ูุน ุงูุชุฑููุฒ ุนูู ุงูุณูุฑ ูุงูุณูุงุญุฉ.

ููุนุฏ ูุนุฑุถ ุงูููุงุฏู ูุงูุถูุงูุฉ ุจุงูููููุฉ ุงูุนุฑุจูุฉ ุงูุณุนูุฏูุฉ ููุตุชู ุงูุฑุฆูุณูุฉ ูุฅูุงูุฉ ุนูุงูุงุช ูุง ุชููุฏุฑ ุจุซูู ูุฅุจุฑุงู ุตููุงุช ูุฑุจุญุฉ ูุงูุจูุงุก ูู ุทููุนุฉ ุตูุงุนุฉ ุงูุถูุงูุฉ. ุงุบุชูู ุงููุฑุตุฉ ูููุงุก ุฃูุซุฑ ูู 23,000 ูุดุชุฑู ูุดุท ููุฏููู ููุชุฌุงุช ูุญูููุงู ูููุดุงุฑูุน ุงูุนููุงูุฉ ูู ุงูููููุฉ ุงูุนุฑุจูุฉ ุงูุณุนูุฏูุฉุ ูุซู ููููุ ููุดุฑูุน ุงูุจุญุฑ ุงูุฃุญูุฑุ ูุงููุฏูุฉุ ูุงูุนูุงุ ูุฑูุดูุ ูุบูุฑูุง.","https://www.google.com/maps/place/24%C2%B045'11.0%22N+46%C2%B043'36.4%22E/@24.7530562,46.7267723,17z/data=!3m1!4b1!4m4!3m3!8m2!3d24.7530562!4d46.7267723?hl=ar&entry=ttu&g_ep=EgoyMDI1MDMxMS4wIKXMDSoJLDEwMjExNDUzSAFQAw%3D%3D",Exhibitions and festivals,https://ar.thehotelshowsaudiarabia.com/,24.7530562,46.7267723,Al Mughrizat
ูุนุฑุถ ุณุนูุฏู ููุฏ ููุชุตููุน,0.0,15 ุดููุงู - 17 ุดููุงู,ูุฑูุฒ ุงูุฑูุงุถ ุงูุฏููู ูููุคุชูุฑุงุช ูุงููุนุงุฑุถ,"ูุนุฑุถ ุณุนูุฏู ููุฏ ููุชุตููุน ูููุฑ ูุฑุตุฉ ุงูุงุทูุงุน ุนูู ุฑุคู ูุฃููุงุฑ ููููุฉ ุญูู ุขููุงุช ุนูู ูุฐู ุงูุณููุ ูุน ุชุณููุท ุงูุถูุก ุนูู ููููุฉ ุชุนุงูู ูุจุฑู ุงูุดุฑูุงุช ุงูุฑุงุฆุฏุฉ ุนุงูููุงู ูู ุงููุทุงุน ูุนูุงุ ูุงูุณุจู ุงูุชู ุชุชูุญ ููุดุฑูุงุช ุฅููุงููุฉ ุงูุงุณุชูุงุฏุฉ ูู ูุฐู ุงูุชูุฌูุงุช ุจุดูู ูุงุนู.

ูููุฑ ูุนุฑุถ ุณุนูุฏู ููุฏ ููุชุตููุน ููุตุฉู ุงุณุชุฑุงุชูุฌูุฉ ุญุงููุฉ ุจุงููุฑุต ูุงุณุชูุดุงู ุงูุญููู ุงููุฎุตุตุฉ ููุฃุนูุงู ุฃูุงู ุงูุฎุจุฑุงุก ูู ูุทุงุน ุชุตููุน ุงูุฃุบุฐูุฉ ูุงููุดุฑูุจุงุชุ ุจูุง ูุดูู ุงูููููุงุช ุงูุบุฐุงุฆูุฉ ูุงููุนุงูุฌุฉ ูุงูุชุนุจุฆุฉ ูุงูุชุญูู ูุงูุฃุชูุชุฉ ุงูุตูุงุนูุฉ ูุญููู ุณูุณูุฉ ุงูุชูุฑูุฏ.

ููุฌูุน ุงููุนุฑุถ ูุฎุจุฉ ูู ุงูุนูุงูุงุช ุงูุชุฌุงุฑูุฉ ุงูุนุงูููุฉุ ุจูุง ูููุง ูุฎุจุฉ ูู ุงูุดุฑูุงุช ุงูุฑุงุฆุฏุฉ ูู ุงููุทุงุน. 
","https://www.google.com/maps/place/24%C2%B045'11.0%22N+46%C2%B043'36.4%22E/@24.7530562,46.7267723,17z/data=!3m1!4b1!4m4!3m3!8m2!3d24.7530562!4d46.7267723?hl=ar&entry=ttu&g_ep=EgoyMDI1MDMxMS4wIKXMDSoJLDEwMjExNDUzSAFQAw%3D%3D",Exhibitions and festivals,https://www.saudifoodmanufacturing.com/,24.7530562,46.7267723,Al Mughrizat
ูุคุชูุฑ ูุจุงุฏุฑุฉ ุงููุฏุฑุงุช ุงูุจุดุฑูุฉ 2025,0.0,15 ุดููุงู - 16 ุดููุงู,ูุฑูุฒ ุงูููู ุนุจุฏุงูุนุฒูุฒ ุงูุฏููู ูููุคุชูุฑุงุชุ ุงูุฑูุงุถ,"ุฃูู ูุคุชูุฑ ุนุงููู ูุฑูุฒ ุนูู ุชูููุฉ ุงููุฏุฑุงุช ุงูุจุดุฑูุฉ

ูุนุฏ ูุคุชูุฑ ูุจุงุฏุฑุฉ ุชูููุฉ ุงููุฏุฑุงุช ุงูุจุดุฑูุฉ ุงูููุตุฉ ุงูุนุงูููุฉ ุงูุฃููู ูู ููุนูุง ุงููุงุฏูุฉ ุฅูู ุชูุญูุฏ ุงูุฌููุฏ ุงูุฏูููุฉ ูุฅุซุฑุงุก ุงูุญูุงุฑ ุงูุนุงููู ุจูุง ููุณูู ูู ุฑุณู ูุณุชูุจู ุงููุฏุฑุงุช ุงูุจุดุฑูุฉ ูุจูุงุก ุงูุชุตุงุฏู ุนุงููู ูุฒุฏูุฑุ ุญูุซ ููุงูุด ุงูุชุญุฏูุงุช ูุงููุฑุต ูู ุธู ุงููุชุบูุฑุงุช ุงูุนุงูููุฉ.

ููุณุชุถูู ุงููุคุชูุฑ ุจูุณุฎุชู ุงูุซุงููุฉ ุชุญุช ุดุนุงุฑ #ูุง_ุจุนุฏ_ุงูุงุณุชุนุฏุงุฏ_ูููุณุชูุจูุ ุฃูุซุฑ ูู 300 ูุชุญุฏุซูุง ูู ุงููุงุฏุฉ ูุตููุงุน ุงูุณูุงุณุงุช ูุงูุฎุจุฑุงุก ุงูุนุงููููู ูู ุงููุทุงุน ุงูุฃูุงุฏููู ูุงูุฎุงุต ูุงูุบูุฑ ุฑุจุญู ูู ุฃูุซุฑ ูู 100 ุฌูุณุฉ ุญูุงุฑูุฉ ูู ุงูุนุงุตูุฉ ุงูุฑูุงุถุ ูุชุจุงุฏู ุงูุฎุจุฑุงุช ูููุงูุดุฉ ุงูุฃููุงุฑ ุงูุชู ุชุนุฒุฒ ูู ุฌุงูุฒูุฉ ุงููุฏุฑุงุช ุงูุจุดุฑูุฉ ูููุงูุจุฉ ุงูุชุบูุฑุงุช ุงููุชุณุงุฑุนุฉ ูู ุงูุนุงูู.","https://www.google.com/maps/place/24%C2%B040'02.9%22N+46%C2%B038'00.5%22E/@24.6674632,46.6334669,17z/data=!3m1!4b1!4m4!3m3!8m2!3d24.6674632!4d46.6334669?hl=ar&entry=ttu&g_ep=EgoyMDI1MDMxMS4wIKXMDSoJLDEwMjExNDUzSAFQAw%3D%3D",Exhibitions and festivals,https://humancapabilityinitiative.org/ar/,24.6674632,46.6334669,Umm Al Hammam (West)
ูุนุฑุถ ุงูุดุฑู ุงูุฃูุณุท ููุฏูุงุฌู,0.0,16 ุดููุงู - 18 ุดููุงู,ูุฑูุฒ ุงูุฑูุงุถ ุงูุฏููู ูููุคุชูุฑุงุช ูุงููุนุงุฑุถ,"ูุนุชุจุฑ ูุนุฑุถ ุงูุดุฑู ุงูุฃูุณุท ููุฏูุงุฌู ุฃูุจุฑ ูุฃุถุฎู ูุนุฑุถ ูุชุฎุตุต ูู ุตูุงุนุฉ ุงูุฏูุงุฌู ูุชู ุชูุธููู ูู ุงูููููุฉ ุงูุนุฑุจูุฉ ุงูุณุนูุฏูุฉ ูุงูุชู ุชุนุฏ ุฃูุจุฑ ููุชุฌู ุงูุฏูุงุฌู ูู ููุทูุฉ ุงูุดุฑู ุงูุฃูุณุท ูุฃูุฑูููุง ูุงููุณุชููู ุงูุซุงูุซ ุนุงูููุงู ููุญูู ูููุชุฌุงุช ุงูุฏูุงุฌู. ูุณุฎุฉ ูุนุฑุถ ุงูุดุฑู ุงูุฃูุณุท ููุฏูุงุฌู ูุนุงู 2024 ุญููุช ูุฌุงุญุงู ูุจูุฑุงู ุจูุดุงุฑูุฉ 320 ุนุงุฑุถุงู ูู 40 ุฏููุฉ ูุจุญุถูุฑ 11,130 ุฒุงุฆุฑุงู ูู 54 ุฏููุฉ ุญูู ุงูุนุงูู. ุณูู ุชุณุชุถูู ุงูุฑูุงุถ ุงููุณุฎุฉ ุงูุฑุงุจุนุฉ ูู ูุนุฑุถ ุงูุดุฑู ุงูุฃูุณุท ููุฏูุงุฌู ูู ุงููุชุฑุฉ 14-16 ุฃุจุฑูู 2025 ุนูู ูุณุงุญุฉ 15000  ูุชุฑ ูุฑุจุน ุจูุฑูุฒ ุงูุฑูุงุถ ุงูุฏููู ูููุคุชูุฑุงุช ูุงููุนุงุฑุถ. ุชุฑุนู ุญูููุฉ ุงูููููุฉ ุงูุนุฑุจูุฉ ุงูุณุนูุฏูุฉ ููุซูุฉ ูู ูุฒุงุฑุฉ ุงูุจูุฆุฉ ูุงูููุงู ูุงูุฒุฑุงุนุฉ ูุฐุง ุงูุญุฏุซ ุจุฏุนู ูููุทุน ุงููุธูุฑ ูู ุณุจูู ุชุนุฒูุฒ ูุฑุต ุงูุงุณุชุซูุงุฑ ูู ุตูุงุนุฉ ุงูุฏูุงุฌู ูุชูููุฑ ููุตุฉ ุชุฌุงุฑูุฉ ูุซุงููุฉ ุชุฌูุน ุงููุณุชุซูุฑูู ุงููุญูููู ุจุงูููุฑุฏูู ูุจููุช ุงูุฎุจุฑุฉ ุงูุนุงูููุฉ ูุชุทููุฑ ุตูุงุนุฉ ุงูุฏูุงุฌู ุชุญูููุงู ููุงุณุชุฑุงุชูุฌูุฉ ุงููุทููุฉ ููุฃูู ุงูุบุฐุงุฆู.","https://www.google.com/maps/place/24%C2%B045'11.0%22N+46%C2%B043'36.4%22E/@24.7530562,46.7267723,17z/data=!3m1!4b1!4m4!3m3!8m2!3d24.7530562!4d46.7267723?hl=ar&entry=ttu&g_ep=EgoyMDI1MDMxMS4wIKXMDSoJLDEwMjExNDUzSAFQAw%3D%3D",Exhibitions and festivals,https://www.mep-expo.com/,24.7530562,46.7267723,Al Mughrizat
ูุนุฑุถ ุงูุบุฐุงุก ุงูุณุนูุฏู 2025,0.0,23 ุดููุงู - 26 ุดููุงู,ูุงุฌูุฉ ุงูุฑูุงุถ ูููุนุงุฑุถ ูุงููุคุชูุฑุงุช,"ููุทูู ูุนุฑุถ ุงูุบุฐุงุก ุงูุณุนูุฏู (Saudi Food Show)ุ ูู ุงูุฑูุงุถ ููุฌูุน ุฃุจุฑุฒ ุงูุดุฑูุงุช ุงูุนุงูููุฉ ุงููุนููุฉ ูุน ูุงุฏุฉ ุงููุทุงุน ูุฃุนุธู ุงูุทูุงุฉ ูู ุงูููุทูุฉ ูุฅุญุฏุงุซ ุซูุฑุฉ ูู ุตูุงุนุฉ ุงูุฃุบุฐูุฉ ุจุงูููููุฉ ูุฅููุงู ุงูุชุญูู ุนูู ูุทุงู ูุงุณุน. 

ุงูุงูุถูุงู ุฅูู ุตูุงุนุฉ ุงูุฃุบุฐูุฉ, ุงูููุฏูุฉ ูุงููุทุงุนู ุงููุชูุงููุฉ ุงูุชู ุชุจูุบ ูููุชูุง 54 ูููุงุฑ ุฏููุงุฑ.
ุชูุณูุน ูุทุงู ุนููู ูุชุทููุฑ ุดุจูุชู ูุฒูุงุฏุฉ ูุจูุนุงุชู ุงูุฅูููููุฉ
ุงูุงุดุชุฑุงู ูู ุตููุงุช ูุน ุงูุจุงุฆุนูู ุงูุฌุฏุฏ ูุชุฌุงุฑ ุงูุฌููุฉ ูุงูููุฑุฏูู ุฏุงุฎู ุงูุฃุนูุงู ุงูุชุฌุงุฑูุฉ ูู ูุฐุง ุงููุทุงุน.
ุงุณุชูุดุงู ุงููุฑุต ุงููุงุฆูุฉ ูููุดุงุฑูุน ุงูุถุฎูุฉ ูู ุงูููููุฉ ุงูุนุฑุจูุฉ ุงูุณุนูุฏูุฉ ูุงูุชู ุชุจูุบ ุชูููุชูุง ูููุงุฑุงุช ุงูุฏููุงุฑุงุช ูุงูุชู ุชุฌุฑู ุญุงูููุง ูู ูุฌุงูุงุช ุงูุณูุงุญุฉ ูุงูุชุฑููู ูุงูุถูุงูุฉ","https://www.google.com//maps/search/24.835667695113,46.729393550928?hl=ar",Exhibitions and festivals,https://www.saudifoodexpo.com/ar/,24.835667695113,46.729393550928,Qurtubah
ูุคุชูุฑ E3 ุชูููู ุชุฌุฑุจุฉ ุงูุนููู,0.0,23 ุดููุงู - 24 ุดููุงู,ููุฏู ููุฑูููุช ุงูุฑูุงุถ,"ุงููุณุฎุฉ ุงูุฑุงุจุนุฉ ููุคุชูุฑ E3 ุชุญุธู ุจุฏุนู ุฑุณูู ูู ุงูุฃูุงุฏูููุฉ ุงููุทููุฉ ูุชุฌุฑุจุฉ ุงูุนููู ูู ุงูููููุฉ ุงูุนุฑุจูุฉ ุงูุณุนูุฏูุฉุ ูุงูุฐู ุณูุนูุฏ ูู 9 โ 10 ููููู 2024 ูู ููุจ ุงูุนุงุตูุฉ ุงูุฑูุงุถุ ุงูููููุฉ ุงูุนุฑุจูุฉ ุงูุณุนูุฏูุฉุ ูู ุญุฏุซ ุณููู ูุฎุตุต ูุงุณุชูุดุงู ูุชุนุฒูุฒ ุงุณุชุฑุงุชูุฌูุงุช ูููุงุฑุณุงุช ุชุฌุฑุจุฉ ุงูุนููุงุก ุนุจุฑ ูุฎุชูู ุงูุตูุงุนุงุช.

ุณูู ุชุฌุฑุจุฉ ุงูุนููู ูู ุงูููููุฉ ุงูุนุฑุจูุฉ ุงูุณุนูุฏูุฉ ูุดูุฏ ููููุง ููุญูุธูุงุ ูุน ุชุฑููุฒ ููู ุนูู ุฑุถุง ุงูุนููุงุก. ุชุธูุฑ ุงูุฅุญุตุงุฆูุงุช ุฃูู ูู ุงููุชููุน ุฃู ูุตู ุฅูู 50 ูููุงุฑ ุฑูุงู ุณุนูุฏู ุจุญููู ุนุงู 2025. ุงููุดุงุฑูุน ุงูุฌุฏูุฏุฉ ุงูุชู ุชุดูู ุงูุฏุฑุฏุดุฉ ุงูุขููุฉ ุจุงูุทุงูุฉ ุงูุฐูุงุก ุงูุงุตุทูุงุนูุ ูุงูุชุฌุงุฑุจ ุงูุงูุชุฑุงุถูุฉุ ูุชุญูููุงุช ุงูุจูุงูุงุช ุชุญุฏุซ ุซูุฑุฉ ูู ุชูุงุนูุงุช ุงูุนููุงุก ูุชุฏูุน ุงูููุงุกุ ููุง ูุคุณุณ ุงูููููุฉ ุงูุนุฑุจูุฉ ุงูุณุนูุฏูุฉ ููุงุฆุฏ ุนุงููู ูู ูุฌุงู ุชุฌุฑุจุฉ ุงูุนููู. ุฅูู ุฌุงูุจ ุงูุฌูุณุงุช ุงููุนูููุงุชูุฉุ ูุนุฒุฒ ูุคุชูุฑ ุชุฌุฑุจุฉ ุงูุนููู E3 ูุฑุต ุงูุชูุงุตู ูุงูุชุนุงูู ุงููุงูุฑุฉ.","https://www.google.com/maps/place/24%C2%B048'29.4%22N+46%C2%B043'06.1%22E/@24.8081769,46.7183483,17z/data=!3m1!4b1!4m4!3m3!8m2!3d24.8081769!4d46.7183483?hl=ar&entry=ttu&g_ep=EgoyMDI1MDMxMS4wIKXMDSoJLDEwMjExNDUzSAFQAw%3D%3D",Exhibitions and festivals,https://e3cx.live/ar/home/,24.8081769,46.7183483,Al Falah
ูุนุฑุถ ุจููุชู ููุฑูุฏ ุงูุณุนูุฏูุฉ,0.0,23 ุดููุงู - 25 ุดููุงู,ูุฑูุฒ ุงูุฑูุงุถ ุงูุฏููู ูููุคุชูุฑุงุช ูุงููุนุงุฑุถ,"ูููุฑ ุจููุชู ูุฑูุฏ ุงูุณุนูุฏูุฉ ููุตุฉ ูุซุงููุฉ ููุดุฑูุงุช ุงูุฏูููุฉ ูุชุนุฒูุฒ ุนูุงูุงุชูุง ุงูุชุฌุงุฑูุฉ ูุชูุณูุน ูุทุงู ุฃุนูุงููุง ูู ุณูู ุงูููููุฉ.

ุญูู ูุนุฑุถ ุจููุชู ูุฑูุฏ ุงูุณุนูุฏูุฉ 2023 ูุฌุงุญุง ููุญูุธุงุ ุญูุซ ุดูุฏ ุฒูุงุฏุฉ ูู ุฃุนุฏุงุฏ ุงูุฒูุงุฑ ุจูุณุจุฉ 288%. ูุฌูุนุช ุงูุฏูุฑุฉ ุงูุฑุงุจุนุฉ ูุญู 13,686 ูุดุชุฑู ุชุฌุงุฑู ู 350 ุนุงุฑุถ ูู 42 ุฏููุฉ. ููุงู ูู ุจูู ุงูุฒูุงุฑ ุงูุชุฌุงุฑููู ุงูุนุฏูุฏ ูู ุงููุตูุนูู ูุฃุตุญุงุจ ุงูุตุงูููุงุช ูุชุฌุงุฑ ุงูุชุฌุฒุฆุฉ ูุงูููุฒุนูู ูุชุฌุงุฑ ุงูุฌููุฉ ูู ุงูููููุฉ ุงูุนุฑุจูุฉ ุงูุณุนูุฏูุฉ ู72 ุฏููุฉ ุฃุฎุฑู.

ุงุญูุธ ุงูุชุงุฑูุฎ ูู ุงุฌูุฏุชู ููุฏูุฑุฉ ุงูุฎุงูุณุฉ ุงููุงุฏูุฉ ูู ุจููุชู ูุฑูุฏ ุงูุณุนูุฏูุฉุ ูุงูููุฑุฑ ุชูุธูููุง ูู ุงููุชุฑุฉ ูู 21 ุฅูู 23 ุฃุจุฑูู 2025 ูู ุงูุฑูุงุถุ ุงูููููุฉ ุงูุนุฑุจูุฉ ุงูุณุนูุฏูุฉ.","https://www.google.com/maps/place/24%C2%B045'11.0%22N+46%C2%B043'36.4%22E/@24.7530562,46.7267723,17z/data=!3m1!4b1!4m4!3m3!8m2!3d24.7530562!4d46.7267723?hl=ar&entry=ttu&g_ep=EgoyMDI1MDMxMS4wIKXMDSoJLDEwMjExNDUzSAFQAw%3D%3D",Exhibitions and festivals,https://www.beautyworldksa.com/ar.html,24.7530562,46.7267723,Al Mughrizat
ููุชุฏู ุงูุงุณุชุซูุงุฑ ุงูุฑูุงุถู,0.0,09 ุดููุงู - 11 ุดููุงู,ููุฏู ุงูุฑูุชุฒ-ูุงุฑูุชููุ ุงูุฑูุงุถ,"ุฃุนููุช ูุฒุงุฑุชุง ุงูุฑูุงุถุฉ ูุงูุงุณุชุซูุงุฑุ ุชุฏุดูู ููุชุฏู ุงูุงุณุชุซูุงุฑ ุงูุฑูุงุถู (SIF)ุ ุชุญุช ุดุนุงุฑ ยซุงุณุชุซูุงุฑ ุฑูุงุถู ุทููุญยปุ ูุงูุฐู ุณูููุงู ุฎูุงู ุงููุชุฑุฉ ูู 7 ุฅูู 9 ุฃุจุฑูู 2025ูุ ุจููุฏู ุงูุฑูุชุฒ ูุงุฑูุชูู ุจุงูุนุงุตูุฉ ุงูุฑูุงุถุ ุจูุดุงุฑูุฉ ูุฎุจุฉ ูู ุงููุชุญุฏููุซูู ุงูุฏููููููู ูุงููุญููููููุ ููุงุฏุฉ ุงููุทุงุน ุงูุฑูุงุถู ุนูู ุงููุณุชูููู ุงูุฅููููู ูุงูุฏูููุ ุจูุง ูุนูุณ ููุงูุชู ูุฃูุจุฑ ุชุฌูููุน ููุงุณุชุซูุงุฑ ุงูุฑูุงุถู ุนุงูููููุง.

ูููุฏู ุงูููุชุฏูุ ุฅูู ุชุนุฒูุฒ ุขูุงู ุงูุงุณุชุซูุงุฑ ูู ุงููุฌุงู ุงูุฑูุงุถูุ ูุชุณููุท ุงูุถูุก ุนูู ุงููุฑุต ุงููุงุนุฏุฉ ูู ุงููุฌุงูุงุช ุฐุงุช ุงูุนูุงูุฉุ ุญูุซ ุณูุดูุฏ ุฅูุงูุฉ ุงูุนุฏูุฏ ูู ุงูุฌูุณุงุช ุงูุฑุฆูุณุฉุ ุจูุดุงุฑูุฉ ุนุงููุฉ ุงููุณุชูู ููุงุณุนุฉ ูู ุงูุฌูุงุช ุงููุงุนูุฉ ูู ุงููุทุงุน ุงูุฎุงุต ูุงููุทุงุนุงุช ุงูุฏูููููุฉุ ุจุงูุฅุถุงูุฉ ุฅูู ุญุถูุฑ ููุซูููู ุงูุงุชููุญุงุฏุงุช ุงูุนุงูููููุฉ ุงูุฑูุงุถูููุฉุ ููููู ููุตููุฉู ูุทุฑุญ ุงูุฃููุงุฑ ุงูุฑูุงุฏูููุฉุ ูุจุญุซ ุงูุชุญุฏูููุงุช ุงูุชู ุชูุงุฌู ุงููุทุงุน ุงูุฑูุงุถูุ ูุน ุงูุชุฑููุฒ ุนูู ุชุนุฒูุฒ ุงูุงุณุชุฏุงูุฉุ ูุชูููุฉ ุงููุฑุต ุงูุงุณุชุซูุงุฑูููุฉ ุงูุฑูุงุถูููุฉ.","https://www.google.com//maps/search/24.665783399478,46.630823884655?hl=ar",Exhibitions and festivals,https://saudisf.com/ar/,24.665783399478,46.630823884655,Umm Al Hammam (West)
ูุนุฑุถ ุณุนูุฏู ููุฏ,0.0,14 ุฐู ุงููุนุฏุฉ - 16 ุฐู ุงููุนุฏุฉ,ูุงุฌูุฉ ุงูุฑูุงุถ ูููุนุงุฑุถ ูุงููุคุชูุฑุงุช,"ูุฌูุน ูุนุฑุถ ุณุนูุฏู ููุฏ ูุฌููุนุฉ ูุฑูุฏุฉ ูู ุงูุดุฑูุงุช ุงูุฏูููุฉุ ูุฑูุงุฏ ุงูููุฑุ ููุฌุชูุนุงุช ุงูุฃุบุฐูุฉ ูุงููุดุฑูุจุงุชุ ูุงูุดุฑูุงุก ุงูุงุณุชุฑุงุชูุฌูููุ ูุงูุนูุงูุงุช ุงูุชุฌุงุฑูุฉ ูุฃูู ูุฑุฉุ ูุฃูุถู ุงูุทูุงุฉ ุงูุฅููููููู ูุงูุฏููููู ุนูู ููุตุฉ ูุจุชูุฑุฉ ูุงุญุฏุฉ.

ูุนุฏ ูุนุฑุถ ุณุนูุฏู ููุฏ ูุฑูุฒู ูููู ูููุตุงุฏุฑุ ูููุตุฉ ูุจุชูุฑุฉ ูุณูู ุงูุฃุบุฐูุฉ ูุงููุดุฑูุจุงุชุ ูููุงู ููุชูุงุตู ูุน ุฃูุจุฑ ุชุฌูุน ูู ูุดุชุฑูููุ ููุญุชุฑูู ุงูุตูุงุนุฉ ุงูุนุงููููู ูุงูุฅููููููู ุงููุคุซุฑููุ ูุฃุจุฑุฒ ุฑูุงุฏ ุงูุชูููุฑ ูู ุงููุฌุงู.

ูุฐุง ุงูุญุฏุซ ุงููุฑูุฏ ูู ููุนู ููุณ ูุฌุฑุฏ ููุงู ุฑุงุฆุน ูุชุญููู ุชุฃุซูุฑ ูู ุฃูุจุฑ ุงูุชุตุงุฏ ูููู ุจุณุฑุนุฉ ูู ุงูุนุงููุ ุจู ูู ุฃูุถูุง ููุจุฑ ููุฅููุงู ูุงูุชุญูู ุนูู ูุณุชูู ุงูุตูุงุนุฉ ุนูู ุงูุตุนูุฏูู ุงูุฅููููู ูุงูุนุงููู.","https://www.google.com//maps/search/24.835667695113,46.729393550928?hl=ar",Exhibitions and festivals,https://www.thesaudifoodshow.com/ar,24.835667695113,46.729393550928,Qurtubah
ููุชุฒู ุงูุฑูุงู ุงูุฑูุงุถู - ููุงูู ุงูุฎููู,50.0,ููููุงู - 5 ุตุจุงุญุงู ุงูู 5 ูุณุงุกู,ููุชุฒู ุงูุฑูุงู ุงูุฑูุงุถู - ุงูููุทูุฉ ุงูุดูุงููุฉ,unknown,"https://www.google.com/maps/search/?api=1&query=24.94631,46.75176",activite,https://webook.com/ar/events/sbf-ssp-horse-riding-horsebox-parking,24.94631,46.75176,Al Rimal
ุณูุงุฑ,40.0,09 ูุงุฑุณ 2025 - 31 ูุงุฑุณ 2025,"shqyiqa, Riyadh","ุงูุชุดู ""ุณูุงุฑ"": ูุฌูุฉ ูุฑูุฏุฉ ุชุฌูุน ุจูู ุงูููุฏุณุฉ ุงููุนูุงุฑูุฉ ูุงูุทุจูุนุฉ ูู ุงูุฌุจุงู","https://www.google.com/maps/search/?api=1&query=24.77475,46.36958",activite,https://webook.com/ar/experiences/smaar-events,24.77475,46.36958,Al Qirawan
ูุงุฏู ุงููุฎูู ููุจููููุฌ,220.0,26 ูุจุฑุงูุฑ 2025 - 10 ููููู 2025,"shqyiqa, Riyadh",ุงููุฌูุฉ ุงูุงููู ููุญุจู ุงูุจููููุฌ ุนุงุฏุช ูู ุฌุฏูุฏ! ูุงุฏู ุงููุฎูู ููุจููููุฌ ุจุงูุชุธุงุฑูู!,"https://www.google.com/maps/search/?api=1&query=24.77475,46.36958",activite,https://webook.com/ar/experiences/palms-bowling-club,24.77475,46.36958,Al Qirawan
Red Sand Dunes Adventure,547.0,02 ูุงุฑุณ 2025 - 01 ููููู 2025,"shqyiqa, Riyadh",ุงููุซุจุงู ุงูุฑูููุฉ: ูุบุงูุฑุฉ ุชุญุช ุงููุฌูู ูู ููุจ ุงูุตุญุฑุงุก,"https://www.google.com/maps/search/?api=1&query=24.77475,46.36958",activite,https://webook.com/ar/experiences/red-sand-dunes-adventure,24.77475,46.36958,Al Qirawan
ูุบุงูุฑุฉ ุจูู ุงูุฌุจุงู,172.5,22 ูุงุฑุณ - 22 ูุงุฑุณ 2025,Hittin - Riyadh,"ุงูุทูู ูู ุฑุญูุฉ ุชุชุฌุงูุฒ ุญุฏูุฏ ุงูุฏุฑูุจ ูุน ุฑู ุฅุณูุงูุจุณ
ุฎุทูุฉ ุฅูู ููุจ ุงูุทุจูุนุฉุ ุญูุซ ุชูุชูู ุงูุฃุฑุถ ุจุงูุณูุงุกุ ููู ุฎุทูุฉ ุชุญูู ูุตุฉ ุจุงูุชุธุงุฑ ุฃู ุชูุฑูู. ูุบุงูุฑุงุช ุงููุดู ูุน ุฑู ุฅุณูุงูุจุณ ููุณุช ูุฌุฑุฏ ุงุณุชูุดุงูุ ุจู ูู ูุฑุตุฉ ููุชูุงุตู ูุน ุงูุทุจูุนุฉ ููุน ุฐุงุชู ููุน ูู ูุดุงุฑูููู ุงูุฑุญูุฉ.
ุงูุชุดู ุชุฌุฑุจุฉ ูุดู ุชุฌูุน ุจูู ุงููุบุงูุฑุฉ ูุงููุนููุ ูุฎูู ุฐูุฑูุงุช ุชุจูู ูุนู ุฅูู ูุง ุจุนุฏ ุงูุชูุงุก ุงูุฏุฑุจ.","https://www.google.com/maps/search/?api=1&query=24.7678522,46.5765421",activite,https://webook.com/ar/experiences/hike-adventure,24.7678522,46.5765421,Hittin
Edge of the World Keshta via Manjour Trail,199.0,02 ูุงุฑุณ 2025 - 01 ููููู 2025,"RBTA7108ุ 7108 ุงูููู ุณุนูุฏ ุงุจู ุนุจุฏุงูุนุฒูุฒ ุณุนูุฏุ 4377ุ ุญู ุงููุคุชูุฑุงุชุ ุงูุฑูุงุถ 12712, Saudi Arabia","Discover the magic of Saudi Arabiaโs breathtaking landscapes on an unforgettable adventure along the Manjour Trail leading to the iconic Edge of the World, a must-see destination for Riyadh travelers. This unique route offers a blend of natural beauty and ancient history, making it one of the top activities in Riyadh for nature lovers and adventure seekers alike.
Begin your journey with a scenic drive in a comfortable Sedan through the rugged desert terrain. Travel past rocky escarpments, serene plateaus, and ancient fossil-lined paths as you explore the untouched wilderness of the Manjour Trailโa hidden gem!
Arrive at the other side of the majestic Edge of the World, where a guided hike takes you to the summit of the dramatic Tuwaiq Mountains, offering awe-inspiring panoramic views of the vast Arabian desert. These endless vistas make for stunning photo opportunities and moments of serene solitude, perfect for capturing unforgettable memories.
After your hike, unwind in an authent","https://www.google.com/maps/search/?api=1&query=24.7135517,46.6752957",activite,https://webook.com/ar/experiences/edge-of-the-world-keshta,24.7135517,46.6752957,Al Wurud
ูุชูุฒู ูููุง ูููุบุงูุฑุงุช,250.0,15 ุฏูุณูุจุฑ 2024 - 15 ูุงุฑุณ 2025,"Nofa Wildlife Park, Riyadh",ููุน ูุชูุฒู ูููุง ูููุบุงูุฑุงุช ูู ููุชุฌุน ูููุง ูู ุฅุนุฏุงุฏู ุงูุทุจูุนู ุงููุฑูุฏ ูู ููุนู. ูุบุงูุฑุงุช ูุซูุฑุฉ ุชูุชุธุฑู.,"https://www.google.com/maps/search/?api=1&query=24.377,45.92174",activite,https://webook.com/ar/experiences/nofa-adventure-park,24.377,45.92174,Tuwaiq
ูุบุงูุฑุฉ ููุชุนุฉ: ุนูู ุณูุงุฑุฉ ุณูุงุฑู ุงูููุดููุฉ ูู ุญุฏููุฉ ูููุง,150.0,11 ุฏูุณูุจุฑ 2024 - 26 ูุงุฑุณ 2025,"Nofa Wildlife Park, Riyadh","ุงูุฑูุงุถ ูููุง ูุซูุฑ ูู ุงููุนุงููุงุช ุงูููุชุนุฉ, ูููู ูู ุฃูุซุฑ ูุชุนุฉ ูู ูุฐู ุงูุชุฌุฑุจุฉ. ุงุตุทุญุจ ุฃุตุฏูุงุฆู ูุนุงุฆูุชู ูุนู ููุงูุถูุงู ุฅูู ุฑุญูุฉ ุฑุงุฆุนุฉ ุนูู ูุชู ุณูุงุฑุฉ ุณูุงุฑู ุงูููุดููุฉ ูู ููู ูู ุญุฏููุฉ ูููุง ููุญูุงุฉ ุงูุจุฑูุฉ. ุนูู ุจุนุฏ ูุณุงูุฉ ูุตูุฑุฉ ูู ุงููุฏููุฉ. ุณุชุณุชุบุฑู ูุฐู ุงูุฌููุฉ ุงููุฏุชุฉ 45 ุฏูููุฉุ ุญูุซ ุณุชูุชูู ุฅูู ููุจ ูููุง ูุชุดูุฏ ุงูุญููุงูุงุช ุชุชุฌูู ุจุญุฑูุฉ. ุจุนุฏ ุฐููุ ุณูุชู ูููู ุฅูู ูุฑูุฒ ุงูุฒูุงุฑ ููุญููุงูุงุช ุงูุตุบูุฑุฉ ุญูุซ ููููู ุงูุชูุงุตู ูู ูุฑุจ ูุน ุงูุนุฏูุฏ ูู ุงูุทููุฑ ุงููุฎุชููุฉ ูุงูุฒูุงุญู ูุงููุฑูุฏ ููุฌููุนุฉ ูุชููุนุฉ ูู ุงูุญููุงูุงุช ุงูุฃุฎุฑู.","https://www.google.com/maps/search/?api=1&query=24.377,45.92174",activite,https://webook.com/ar/experiences/a-thrilling-adventure-open-topped-vehicle-safari-a,24.377,45.92174,Tuwaiq
ุญูู ุนุดุงู ุงูุญููุงูุงุช: ุณูุงุฑู ุนูู ุงูุฎูู ูู ุญุฏููุฉ ูููุง ููุญูุงุฉ ุงูุจุฑูุฉ,200.0,05 ููุงูุฑ 2025 - 27 ุฃุจุฑูู 2025,"Nofa Wildlife Park, Riyadh","ุฅุฐุง ููุช ูู ูุญุจูู ุงูุญููุงูุงุช ุงูุฑุญ ูุฃู ูุฐู ุงูุชุฌุฑุจุฉ ุงููููุฒุฉ ููุงุณุจุฉ ูู, ูุงูุชุดุงู ุงูุญููุงูุงุช ุงูุบุฑูุจุฉ ุนู ูุฑุจ ุฃุซูุงุก ุฌููุฉ ูู ุญุฏููุฉ ูููุง ุงูุจุฑูุฉ ุนูู ุธูุฑ ุงูุฎูู. ุชุณุชูุฑ ุงูุฌููุฉ ููุฏุฉ ุณุงุนุฉ ุชูุฑูุจุงู. ุชุนุฏ ููุทููุง ูุฃูุซุฑ ูู 700 ุญููุงูุ ุญูุซ ุณุชุฌุฏ ูุฌููุนุฉ ูุชููุนุฉ ูู ุงูุญูุงุฉ ุงูุจุฑูุฉ ูุงุณุชูุดุงููุง.","https://www.google.com/maps/search/?api=1&query=24.377,45.92174",activite,https://webook.com/ar/experiences/animal-lovers-dream-horseback-safari-at-nofa-wildl,24.377,45.92174,Tuwaiq
ุชููุณ ุฅุนุงุฏุฉ ุงูููุงุฏุฉ ู ุบูุฑ ุตูุชู,365.0,21 ูุงุฑุณ - 21 ูุงุฑุณ 2025,"RAYA7066ุ 7066 ุงุจู ุจูุฑ ุงูุตุฏูู ุงููุฑุนูุ 4516ุ ุญู ุงููุงุณูููุ ุงูุฑูุงุถ 13326, Saudi Arabia","๐ <em></em>ุงูุชุดูู ููุฉ ุชููุณ ""Rebirthing""๐","https://www.google.com/maps/search/?api=1&query=24.8284444,46.6602578",experience,https://webook.com/ar/experiences/rebirthing-breath-and-sound-healing,24.8284444,46.6602578,Al Yasmin
ุงูุฌูุณุฉ ุงูุชูููุฏูุฉ - ูุงุณุช ูุช ูุฑุน ุงููุงุญุฉ ููุฑุฌุงู,199.0,12 ูุงุฑุณ 2025 - 30 ููููู 2025,"Uthman Ibn Affan Rd, King Abdullah Dt., Riyadh",โจุงูุฌูุณุฉ ุงูุชูููุฏูุฉ ูู ูุงุณุช ูุช ุฅู ุฅู ุฅุณ,"https://www.google.com/maps/search/?api=1&query=24.7470703,46.72400659999999",experience,https://webook.com/ar/experiences/introductory-session-fast-fit-al-waha-branch-gents-only,24.7470703,46.72400659999999,Al Mughrizat
ุงูุฌูุณุฉ ุงูุชูููุฏูุฉ - ูุงุณุช ูุช ูุฑุน ุงููุฑุฌุณ ููุณูุฏุงุช ูุงูุฑุฌุงู,199.0,12 ูุงุฑุณ 2025 - 30 ููููู 2025,"Uthman Ibn Affan Rd, An Narjis, Riyadh",โจุงูุฌูุณุฉ ุงูุชูููุฏูุฉ ูู ูุงุณุช ูุช ุฅู ุฅู ุฅุณ,"https://www.google.com/maps/search/?api=1&query=24.818236,46.6870917",experience,https://webook.com/ar/experiences/introductory-session-fast-fit-al-narjis-branch-ladies-gents,24.818236,46.6870917,Al Nada
ุงูุฌูุณุฉ ุงูุชูููุฏูุฉ - ูุงุณุช ูุช ูุฑุน ุงููุฑูุฏ ููุณูุฏุงุช ูุงูุฑุฌุงู,199.0,12 ูุงุฑุณ 2025 - 30 ููููู 2025,"Al Thoumamah Rd, ุญู ุงูุฑุจูุนุ Riyadh, Saudi Arabia",ุงูุฌูุณุฉ ุงูุชูููุฏูุฉ ูู ูุงุณุช ูุช ุฅู ุฅู ุฅุณ,"https://www.google.com/maps/search/?api=1&query=24.7248589,46.6763911",experience,https://webook.com/ar/experiences/introductory-session-1,24.7248589,46.6763911,Al Wurud
ุงูุฌูุณุฉ ุงูุชูููุฏูุฉ - ูุงุณุช ูุช ูุฑุน ุงูุฑุจูุน ููุณูุฏุงุช ูุงูุฑุฌุงู,199.0,12 ูุงุฑุณ 2025 - 30 ููููู 2025,"Smar Event, Riyadh",ุงูุฌูุณุฉ ุงูุชูููุฏูุฉ ูู ูุงุณุช ูุช ุฅู ุฅู ุฅุณ,"https://www.google.com/maps/search/?api=1&query=24.794371,46.65040009999999",experience,https://webook.com/ar/experiences/introductory-session,24.794371,46.65040009999999,Al Rabi
Hike Escape,40.0,15 ูุงุฑุณ 2025 - 16 ูุงุฑุณ 2025,Hittin - Riyadh,"ุชุฌุฑุจุฉ  ุงูุฑุญูุฉ:
ุงุณุชูุดู ุงููุณุงุฑุงุช ุงููุฏูุดุฉ ุงูุชู ุชุฑุจุทู ุจุฌูุงู ุงูุจุฑูุฉ.
ุฅุนุงุฏุฉ ุงูุชูุงุตู ูุน ุงูุนุงูู ุงูุทุจูุนู ูุฐุงุชู ุงูุฏุงุฎููุฉ ูู ุฎูุงู ุงููุดู ุงููุงุนู.
ุงุญุชุถุงู ุทููู ุงูุฏุงุฎูู ูู ุฎูุงู ุงููุนุจ ุงูุฌูุงุนู ุงูููุชุน.","https://www.google.com/maps/search/?api=1&query=24.7678522,46.5765421",experience,https://webook.com/ar/experiences/breath-escape,24.7678522,46.5765421,Hittin
Shared Red Sand Dunes Ramadan Safari with Iftar on Keshta,199.0,15 ูุงุฑุณ - 15 ูุงุฑุณ 2025,"shqyiqa, Riyadh",ุฑุญูุฉ ุฑูุถุงููุฉ ุฅูู ุญุงูุฉ ุงูุนุงูู: ุชูุฒูุ ุฅูุทุงุฑุ ุฅุทูุงูุงุช ุนูู ุฏุฑุจ ููุฌูุฑ ููุดุชุฉ + ุนุดุงุก ูุฌุงูู,"https://www.google.com/maps/search/?api=1&query=24.77475,46.36958",experience,https://webook.com/ar/experiences/shared-red-sand-dunes-ramadan-safari-with-iftar-on-keshta,24.77475,46.36958,Al Qirawan
ุชูุจ ุดูุช,99.0,13 ุฃูุชูุจุฑ 2024 - 04:00 ู,ุจููููุงุฑุฏ ููุฑูุฏ,"ุชูุจ ุดูุช ูู ุงูุชุฌุฑุจุฉ ุงููุซุงููุฉ ูุนุดุงู ุฑูุงุถุฉ """"ุงูุฃูุฑุณููุช"""" ูุงูุฃุณูุญุฉ ุงููุงุฑูุฉุ ููุญุจู ุงูุฅุซุงุฑุฉ ุงูุจุงุญุซูู ุนู ุชุฌุฑุจุฉ ุฃุฏุฑููุงููู ูุดููุฉ.
ูู ุชุฌุฑุจุฉ ุชุฑูุน ูุณุชูู ุงูุชุดููู ุฅูู ุขูุงู ุฌุฏูุฏุฉ ุญูุซ ุชูุชูู ุงูุฏูุฉ ูุน ุงูุงุณุชุฑุงุชูุฌูุฉ ูุงูุดุฏุฉ. ูู ุชูุจ ุดูุชุ ุณุชุบูุฑ ููุณู ูู ุนุงูู ูููุก ุจุงูุณููุงุฑูููุงุช ุงููุชุงููุฉ ุงููุงูุนูุฉุ ุงููุตููุฉ ูุชุญุฏู ุญุชู ุฃูุซุฑ ุงููุงุนุจูู ุฎุจุฑุฉ.","https://www.google.com/maps/search/?api=1&query=24.772732776999252,46.59946921349281",experience,https://webook.com/ar/experiences/tob-shot-rs-24,24.77273277699925,46.59946921349281,Hittin
"ุบุฑูุฉ ูุฑูุจ "" ูุบุฒ ุงูุฌุนุฑุงู """,80.0,16 ุฃูุชูุจุฑ |  ูู 4:00 ูุณุงุกูุง,ุจููููุงุฑุฏ ููุฑูุฏ,ุฌุนุฑุงู ุบุงูุถ ูุญูู ุบุถุจ ุงููุฑุงุนูุฉ ุจุงูุชุธุงุฑ ูู ูุฌุฑุค ุนูู ุฅุฒุนุงุฌ ุณุจุงุชูู. ุญุงูู ุญู ุงููุบุฒ ูุงููุฑูุจ ูู ุงููุตูุฑ ุงููุดุคููุ ููู ุฑููุฒ ุงูููุฑูุบููููุฉุ ููุณุฑ ุงููููุฉ ูุจู ุฃู ูููุฏ ุงูููุช.,"https://www.google.com/maps/search/?api=1&query=24.772732776999252,46.59946921349281",experience,https://webook.com/ar/experiences/escape-room-rs-24,24.77273277699925,46.59946921349281,Hittin
ุฑุญูุฉ ุงูุฏููุฉ,80.0,15 ุฃูุชูุจุฑ |  ูู 5:00 ูุณุงุกูุง,ุจููููุงุฑุฏ ููุฑูุฏ,ูู ุฌุฒูุฑุฉ ูุนุฒููุฉ ุนูู ุฃุทุฑุงู ุจุญูุฑุฉ ูุงุฏุฆุฉุ ุชุทูู ุฏูู ูุฑูุจุฉุ ุงูุชุดู ุงุณุฑุงุฑ ุงูุฏูู ุงูุบุงุฑูุฉ ูู ุธุฑูู ุบุงูุถุฉุ ูุงูุทูููุง ูู ุชุฌุฑุจุฉ ุฑุนุจ ูุง ุชููุณู ุญูุซ ูููุฒุฌ ุงูุบููุถ ุจุงูุฎูู ูู ูู ูุญุธุฉ.,"https://www.google.com/maps/search/?api=1&query=24.772732776999252,46.59946921349281",experience,https://webook.com/ar/experiences/dolls-trip-rs-24,24.77273277699925,46.59946921349281,Hittin
ุจุงุชู ูุงุฑุช ุจูููฺคุงุฑุฏ ููุฑูุฏ,99.0,26 ุฃูุชูุจุฑ |  ูู 4:00 ูุณุงุกูุง,ุจููููุงุฑุฏ ููุฑูุฏ,ุจุงุชู ูุงุฑุช ูู ุฃูู ุณูุงุฑุงุช ุณุจุงู ูุงุฑุชูุบ ุญูููู ูู ุงูุนุงูู ุจูุฒูุฌ ุฃูุนุงุจ ุงูููุฏูู ุฌููุ ูุงููุงูุน ุงููุนุฒุฒ. ุชุฎูู ูุฌููุนุฉ ูุฎุชููุฉ ูู ุฃููุงุน ุงูุฃูุนุงุจ ุงูุชู ุชููู ุงูุณุจุงู ุฅูู ุญุฑุจ ูุงูุณูุงุฑุฉ ุชุทูู ุตูุงุฑูุฎ ูุฅููุงู ุงูุงุนุจูู ุงูุฃุฎุฑููุ ุบูุฑ ุงูุฃุณูุญุฉ ุงูุฃุฎุฑู ูุซู ุงูููุชุฑูุณุ ููุงุจูุ ู ุจุฑููู ุงูุฒูุช. ูุฒูุฏ ูู ุฃููุงุน ุงูุฃูุนุงุจ ุงููุฎุชููุฉ ูุชุงุญุฉ ูุซู ูุฑุฉ ูุฏู ุจุงูุณูุงุฑุฉุ ูุนุจุช ุงูุซุนุจุงูุ ู ูุซูุฑ ูู ุงูุฃูุนุงุจ ุงูุฃุฎุฑู. ุฌุงูุฒูู ููุชุญุฏูุ,"https://www.google.com/maps/search/?api=1&query=24.772732776999252,46.59946921349281",experience,https://webook.com/ar/experiences/battlekart-blvdworld-rs-24,24.77273277699925,46.59946921349281,Hittin
ุงููุงุญุฉ,70.0,15 ุฃูุชูุจุฑ |  ูู 5:00 ูุณุงุกูุง,ุจููููุงุฑุฏ ููุฑูุฏ,ุงุณุชุนุฏ ููุงุณุชูุชุงุน ุจุชุฌุฑุจุฉ ุดุงุทุฆูุฉ ูุฑูุฏุฉุ ุญูุซ ุชุณุจุญ ุจูู ุฃููุงุฌ ูู ุงููุฑุงุช ุงูุจูุงุณุชูููุฉ ูุชุนูุด ุฃุฌูุงุกู ูููุฒุฉ ูู ุงูุงุณุชุฑุฎุงุก ูุงููุชุนุฉ ูููุฆุฉ ุจุงููุฑุญ ูุงูุฃูุดุทุฉ ุงููุชููุนุฉ.,"https://www.google.com/maps/search/?api=1&query=24.772732776999252,46.59946921349281",experience,https://webook.com/ar/experiences/oasis-rs-24,24.77273277699925,46.59946921349281,Hittin
ููุฏู ุฏุฑุงูููุง,80.0,15 ุฃูุชูุจุฑ |  ูู 5:00 ูุณุงุกูุง,ุจููููุงุฑุฏ ููุฑูุฏ,ูุฑุญุจูุง ุจูู ูู ููุฏู ูุตุงุตู ุงูุฏูุงุก ูุณุนุฏูุง ุฒูุงุฑุชูู ููุง ูุงูุชุดุงู ุนุงูููุง ุงูุฌุฏูุฏ ูู ููุฏููุง ุงููุตูู ุนูู ุงูุทุฑุงุฒ ุงูุงูุทุงูู ุงูููุณู ุจุงูุฏูุงุก ุญูุซ ูู ุบุฑูุฉ ุชุญูู ุชุญุฏูุงู ูุฎููุงู ูููุฌุงุฉ... ูู ุณุชุชููู ูู ุงูุฎุฑูุฌ ุจุณูุงูุ,"https://www.google.com/maps/search/?api=1&query=24.772732776999252,46.59946921349281",experience,https://webook.com/ar/experiences/the-vampire-hotel-rs-24,24.77273277699925,46.59946921349281,Hittin
ุจููููุงุฑุฏ ุฏูููููุงุฑููู,70.0,15 ุฃูุชูุจุฑ |  ูู 4:00 ูุณุงุกูุง,ุจููููุงุฑุฏ ููุฑูุฏ, ุจููููุงุฑุฏ ุฏูููููุงุฑููู  ูุนูุฏ ุจุนุฑุถ ุฌุฏูุฏ. ุงุณุชูุชุน ุจุงูุชูุงุท ุงูุตูุฑุ ุงูุณุจุงุญุฉ ูุน ุงูุฏูุงูููุ ูุงูุจุฑุงูุฌ ุงูุชุนููููุฉ. ุงุตูุน ุฐูุฑูุงุช ูุง ุชููุณู!,"https://www.google.com/maps/search/?api=1&query=24.772732776999252,46.59946921349281",experience,https://webook.com/ar/experiences/blvd-dolphinarium-rs-24,24.77273277699925,46.59946921349281,Hittin
ุบุงุจุฉ ุงูุจููููุงุฑุฏ,60.0,15 ุฃูุชูุจุฑ |  ูู 4:00 ูุณุงุกูุง,ุจููููุงุฑุฏ ููุฑูุฏ,ุบุงุจุฉ ุจูููฺคุงุฑุฏ ุชุนูุฏ ุจุญููุงูุงุช ูุงุฏุฑุฉ ูู ุจูุฆุฉ ุฅูุฑูููุฉ ูุชุฌุงุฑุจ ุชูุงุนููุฉ.,"https://www.google.com/maps/search/?api=1&query=24.772732776999252,46.59946921349281",experience,https://webook.com/ar/experiences/blvd-forest-rs-24,24.77273277699925,46.59946921349281,Hittin
ุงูุณุจุงุญุฉ ูุน ุงูุฏูุงููู,500.0,15 ุฃูุชูุจุฑ |  ูู 4:00 ูุณุงุกูุง,ุจููููุงุฑุฏ ููุฑูุฏ,ูููู ุฐูุฑูุงุชู ุจุชุฌุฑุจุฉ ุงูุณุจุงุญุฉ ุงููููุฑุฏุฉ ูุน ุงูุฏูุงููู ูุงูููุงุฆูุฉ ูุฌููุน ุฃูุฑุงุฏ ุงูุนุงุฆูุฉ.,"https://www.google.com/maps/search/?api=1&query=24.772732776999252,46.59946921349281",experience,https://webook.com/ar/experiences/swimming-with-dolphins-rs-24,24.77273277699925,46.59946921349281,Hittin
ุงุณุฑุงุฑ ุงูููู,80.0,15 ุฃูุชูุจุฑ |  ูู 5:00 ูุณุงุกูุง,ุจููููุงุฑุฏ ููุฑูุฏ,ุงูุชุดู ุณุฑ ุงุณุฑุงุฑ ุงูููู ูุงุณุชุนุฏ ูููุงุฌูุฉ ุบุถุจู ุงูุฐู ููุจุนุซ ูู ุฃุนูุงู ุงูุชุงุฑูุฎ ูุงูุทูู ูู ุฑุญูุฉ ุฑุนุจ ุฏุงุฎู ุงูููุงุจุฑ ุงููุตุฑูุฉ ุงููุฏููุฉุ ุชุนูุฏ ุชุนุฑูู ูุนูู ุงูุฎูู ุฃูุงู ุนูููู,"https://www.google.com/maps/search/?api=1&query=24.772732776999252,46.59946921349281",experience,https://webook.com/ar/experiences/mystery-of-the-nile-rs-24,24.77273277699925,46.59946921349281,Hittin
ููู ุงููููุงู,9000.0,04 ููููุจุฑ 2024 - 10 ุฃุจุฑูู 2025,ุจููููุงุฑุฏ ููุฑูุฏ,"ุชุฌุฑุจุฉ ูุจุงุฑ ุงูุดุฎุตูุงุช ุฏุงุฎู ุจูููฺคุงุฑุฏ ููุฑูุฏ.
ุชูุฏู ุชุฌุฑุจุฉ ุงูุฑูุงููุฉ ูุณุงุญุฉ ุฎุงุตุฉ ูุฃูููุฉ ููุฅูุงูุฉ ูู ููุทูุฉ ุงููููุงูุ ููุง ูุชูุญ ููุถููู ุงูุงุณุชูุชุงุน ุจุฃูุถู ุงููุนุงููุงุช ูุงูุฃูุดุทุฉ ุงูุชู ููุฏููุง ุจูููฺคุงุฑุฏ ููุฑูุฏ ุจุดูู ุฃูุซุฑ ุฑุงุญุฉ.
ูุฑุงูู ุงูุถููู ูุถููุฉ ููุณุงุนุฏ ุดุฎุตู ูุฎุตุตุ ูุชููู ุชูุธูู ุงูุฒูุงุฑุฉ ูุถูุงู ุชุฌุฑุจุฉ ุชุณูู ูุชุฑููู ูุฑูุญุฉ ูููุชุนุฉุ ุจูููุง ูุณุชูุชุน ุงูุถููู ุจูุฑุงูู ุงููููุง ุงููุงุฎุฑุฉ ุฎูุงู ูุชุฑุงุช ุงูุฑุงุญุฉ.
โข     ุงูุชุฌุงุฑุจ ุงููุดูููุฉ: (ุฃุณุฑุงุฑ ุงูููู - ุบุฑูุฉ ุงููุฑูุจ  Curse of Scarab  - ููุฏู ุฏุฑุงูููุง - ุชุฌุฑุจุฉ ุงูุฏูุงููู ุงููุฑูุฏุฉ - ุฐุง ุจูุงููุช ุณูููุง - ุบุงุจุฉ ุงูุจูููฺคุงุฑุฏ - ุงุทุนุงู ุงูุฒุฑุงูุงุช - ุงุทุนุงู ุงูุทููุฑ - ุฌุฒูุฑุฉ ุงูุฃุณุฏ - ุงุทุนุงู ุงูุฃุณุฏ - ุญุฏููุฉ ุงูุณุฑูุงุท)","https://www.google.com/maps/search/?api=1&query=24.772732776999252,46.59946921349281",experience,https://webook.com/ar/experiences/greece-villas-rs-24,24.77273277699925,46.59946921349281,Hittin
ูุชุงูุฉ ุงูููุช,90.0,17 ุฏูุณูุจุฑ 2024 - 10 ุฃุจุฑูู 2025,ุจููููุงุฑุฏ ููุฑูุฏ,ุชุญุฏู ุฑุนุจุงู ูุง ูุซูู ูู ูู ุฃุนูุงู ูุฑู ูุตุฑู ูุฏูู! ุงูุทูู ูู ูุชุงูุฉ ูุฑุนุจุฉ ุนุจุฑ ุฏูุงููุฒ ูุธููุฉ ูุบุฑู ูุณูููุฉ ุจุงูุฃุฑูุงุญ ุงูุดุฑูุฑุฉุ ุญูุซ ุชูุฎุชุจุฑ ุดุฌุงุนุชู ูู ููุงุฌูุฉ ุดุจุงู ุงูููุช ูุบุถุจ ุงูููููุงูุงุช ุงูุญุงุฑุณุฉ. ูู ุชูุชูู ุงูุฌุฑุฃุฉ ูุชุฌุงูุฒ ุงูุธูุงูยูุงููุฑูุจยุจุฑูุญู,"https://www.google.com/maps/search/?api=1&query=24.772732776999252,46.59946921349281",experience,https://webook.com/ar/experiences/death-maze-rs-24,24.77273277699925,46.59946921349281,Hittin
ุณููพุฑ ููุงู,99.0,04 ููููุจุฑ 2024 - 10 ุฃุจุฑูู 2025,ุจููููุงุฑุฏ ููุฑูุฏ,ุชุญุฏู ุงูุฌุงุฐุจูุฉ ูุฅุธูุฑ ุงูููุงุฑุงุช ุงูุฎุงุฑูุฉ ุงูุฎุงุต ุจู ูุฃูุช ุชุทูุฑุจููุทูุฉ ุทูุฑุงู ูุฑูุฏุฉ ูู ุงูููุงุก ุงูุทูู ุ ุญูุซ ููููู ุงูุชุญููู ุนุงููุง ุฃุซูุงุก ุชุฌุฑุจุฉ ุงูุทูุฑุงู ุงูุฎุงุตุฉ ุจู ูู ููุทูุฉ ุทูุฑุงู ูุบููุฉ ูุฑุญูุงุช ุขููุฉ ุ ููุง ูุฌุนู ุญูู ุงูุทูุฑุงู ูู ูุชูุงูู ุฃู ุดุฎุต.,"https://www.google.com/maps/search/?api=1&query=24.772732776999252,46.59946921349281",experience,https://webook.com/ar/experiences/super-fly-rs-24,24.77273277699925,46.59946921349281,Hittin
ูููุง ุจุงุฑู,220.0,01 ูุงุฑุณ 2025 - 30 ูุงุฑุณ 2025,ูููุง ุจุงุฑู,"ูููุง ุจุงุฑู ูู ุฃูู ุญุฏููุฉ ููููุงุจ ูู ุงูููููุฉ ุงูุนุฑุจูุฉ ุงูุณุนูุฏูุฉุ ูุชุถู ููุงุทู ุฏุงุฎููุฉ ูุฎุงุฑุฌูุฉ. ููุฏู ูกูข ุฎุฏูุฉ ูุฑูุฏุฉุ ุจูุง ูู ุฐูู ุงูุชุฏุฑูุจ ูุงูุนูุงูุฉ. ูููู ูุตุฏููู ุงูุฃููู ุงูุงุณุชูุชุงุน ุจุงููุนุจ ูู ุงููุงุก ูู ุญูุถ ุงูุณุจุงุญุฉ ุงููุฎุตุต. 
ุฅูู ุงูููุงู ุงููุซุงูู ูู ููุตุฏููู ุงูุฃููู ููุนุจ ูุงูุงุฌุชูุงุน ูู ุจูุฆุฉ ุขููุฉ ูููุชุนุฉ.","https://www.google.com/maps/search/?api=1&query=24.634885932161467,46.67277854232931",experience,https://webook.com/ar/experiences/luca-park-rs-24,24.634885932161467,46.67277854232931,Al Uraija
ุชุฌุฑุจุฉ WWE : ุงุณุงุทูุฑ ุงููุตุงุฑุนุฉ,115.0,16 ูุจุฑุงูุฑ - ููููุงู 5:00 ูุณุงุกุงู,ุจููููุงุฑุฏ ุณูุชู,"ูุฑุญุจูุง ุจู ูู ุชุฌุฑุจุฉ ุงููุตุงุฑุนุฉ ุงูุญุฑุฉ ""WWE""!","https://www.google.com/maps/search/?api=1&query=24.76433,46.607",experience,https://webook.com/ar/experiences/tickets-wwe-experience,24.76433,46.607,Hittin
"ูุงูู ูุงูุช ุงุช ูุฑูุฏู "" ุงูุงุฎุชุฑุงู ุงูุฃููู"" โ",100.0,15 ุฃูุชูุจุฑ |  ูู 5:00 ูุณุงุกูุง,ุจููููุงุฑุฏ ุณูุชู,"ูู ุงููุณุฎุฉ ุงูุฌุฏูุฏุฉ ูู ูุงูู ูุงูุช ุขุช ูุฑูุฏูุ ุงุฑุชูุน ูุณุชูู ุงูุฑุนุจ ูุงูุชุญุฏูุงุช ุงูู ูุณุชููุงุช ุฌุฏูุฏุฉ ุบูุฑ ูุณุจููุฉ ูุฐุง ูุชูุฌุจ ุนููู ุชุฌุงูุฒูุง ูุชูุฌู ุจุญูุงุชู โ
ูู ุณุชุชููู ูู ุงููุฌุงุฉ ูุงูุฎุฑูุฌ ูู ุงููุฑูุฒ ุงูุชุฌุงุฑู ุณุงููุงุ","https://www.google.com/maps/search/?api=1&query=24.76433,46.607",experience,https://webook.com/ar/experiences/five-nights-at-freddy-rs-24,24.76433,46.607,Hittin
ูุนุฑุถ ูุฑูุณุชูุงู ุฏููุฑ: ูุตููู ุงูุฃุญูุงู,50.0,ุงูุงุซููู ุ ุงูุซูุงุซุงุก ุ ุงูุงุฑุจุนุงุก: ูกูก ุตุจุงุญุง ุงูู ูกูก ูุณุงุก | ุงูุฎููุณ ูุงูุณุจุช: ูกูข ูุณุงุก ุงูู ูกูข ุตุจุงุญุง | ุงูุฌูุนุฉ: ูค ูุณุงุก ุงูู 12 ุตุจุงุญุง | ุงูุงุญุฏ: ูุบูู,ุงููุชุญู ุงููุทูู ุงูุณุนูุฏู ุจุงููุฑุจุน,ูุนุฑุถยูุฑูุณุชูุงูยุฏููุฑ|ยููุตููยุงูุฃุญูุงูยููยุงููุชุญูยุงููุทููยุงูุณุนูุฏูยุจุงููุฑุจุนยูููย21ยููููุจุฑ.,"https://www.google.com/maps/search/?api=1&query=24.648057479785372,46.71134526715597",experience,https://webook.com/ar/experiences/christian-dior-rs-24,24.64805747978537,46.71134526715597,Al Futah
ูุงูุณ ุฃูู ูุงูุจ,99.0,ููููุงู ูู 5:00 ูุณุงุกุงู,ุจููููุงุฑุฏ ุณูุชู,ุญูุงูู ูู ูุงูุณ ุฃูู ูุงูุจุ ุญูุซ ููุชูู ุงููุงูุน ุจุนูุงูู ุฎูุงููุฉุ ูุณุชุงููุงุช ุฎุฑุงููุฉุ ูุฃูุนุงุจ ุฌููููุฉ!,"https://www.google.com/maps/place/24ยฐ46'03.8%22N+46ยฐ36'15.8%22E/@24.7677222,46.6043889,17z/data=!3m1!4b1!4m4!3m3!8m2!3d24.7677222!4d46.6043889?entry=ttu&g_ep=EgoyMDI1MDMxMi4wIKXMDSoJLDEwMjExNDUzSAFQAw%3D%3D",experience,https://webook.com/ar/experiences/house-of-hype,24.7677222,46.6043889,Hittin
"ุจููู ""ุงุฑุถ ุงูุฃุญูุงู""",100.0,13 ุฃูุชูุจุฑ | ูู 5 ูุณุงุกุงู,ุจููููุงุฑุฏ ุณูุชู,ุงูุทูู ูู ูุบุงูุฑุงุช ูุง ุญุฏูุฏ ููุง ูุน ุจููู ูุจููุฌู ูู ุนุงูู ุงูุฃุญูุงู ุงููุฏูุดุ ุญูุซ ุชุชุญูู ุงูุญูุงูุงุช ุงูุฎูุงููุฉ ุงูู ูุงูุน ุชุนูุดู,"https://www.google.com/maps/search/?api=1&query=24.76433,46.607",experience,https://webook.com/ar/experiences/bluey-dream-land-rs-24,24.76433,46.607,Hittin
ุงููุญูู ูููุงู,100.0,13 ุฃูุชูุจุฑ 2024 - 05:00 ู,ุจููููุงุฑุฏ ุณูุชู,ูู ุงูุช ุงููุญูู ูุงูุชุดู ุงุณุฑุงุฑ ุงูุฌุฑููุฉ ูุญุงูู ุงูุนุซูุฑ ุนูู ุงูููุฒ.. ุชุฌุงูุฒ ุงูุชุญุฏูุงุช ูุญู ุงูุงูุบุงุฒ ูู ุฎูุงู ุนุฏุฉ ูุฑุงุญู ูุงูุดุทุฉ ุชูุงุนููุฉ ุชุฃุฎุฐู ุงูู ุนุงูู ุงููุญูู ูููุงู ุงูุบุงูุถ ูุงููุซูุฑ โ,"https://www.google.com/maps/search/?api=1&query=24.76433,46.607",experience,https://webook.com/ar/experiences/detective-conan-rs-24,24.76433,46.607,Hittin
ุฌููุชูู ุจููููุฌ,125.0,15 ููุงูุฑ 2025 - 14 ุฃุจุฑูู 2025,"6568 ุงูููุทุฑูุ 2974, Hittin, Riyadh 13516, Saudi Arabia",ุจูุจุฒูุงููุณ ูู ุตุงูุฉ ุจููููุฌ ุชู ุชุตูููููุง ุจุดูู ูููุฒ ููุฎุชูู ูููุชุน ููุนุงุฆูุฉ ูุงูุฃุตุฏูุงุกุ ูุชููุฒ ุจูุจุฒ ูุงููุณ ุจุงูุนุฏูุฏ ูู ุงููููุฒุงุช ุนู ุบูุฑู ูุชูููุฑ ุงูุทุนุงู ูููุฑุงุช ุงูุจููููุฌ ุจุงูุฅุถุงูุฉ ุงูู ุฃูุนุงุจ ุงูุงุฑููุฏ . ุจูุจุฒ ูุงููุณ ููุงุณุจ ูุฌููุน ุงูุฃุนูุงุฑุ ููุฌููุน ุงููุณุชููุงุช ูุฎูุงุฑู ุงูุฃูู ููุฃูู ูููุนุจ ูููุงุณุชูุงุน ูู ูููู ุชุญุจ.,"https://www.google.com/maps/search/?api=1&query=24.767419,46.6049014",experience,https://webook.com/ar/experiences/2-rounds-of-bowling,24.767419,46.6049014,Hittin
ูฃ ุฌููุงุช ุจููููุฌ,155.0,15 ููุงูุฑ 2025 - 14 ุฃุจุฑูู 2025,"6568 ุงูููุทุฑูุ 2974, Hittin, Riyadh 13516, Saudi Arabia",ุจูุจุฒูุงููุณ ูู ุตุงูุฉ ุจููููุฌ ุชู ุชุตูููููุง ุจุดูู ูููุฒ ููุฎุชูู ูููุชุน ููุนุงุฆูุฉ ูุงูุฃุตุฏูุงุกุ ูุชููุฒ ุจูุจุฒ ูุงููุณ ุจุงูุนุฏูุฏ ูู ุงููููุฒุงุช ุนู ุบูุฑู ูุชูููุฑ ุงูุทุนุงู ูููุฑุงุช ุงูุจููููุฌ ุจุงูุฅุถุงูุฉ ุงูู ุฃูุนุงุจ ุงูุงุฑููุฏ . ุจูุจุฒ ูุงููุณ ููุงุณุจ ูุฌููุน ุงูุฃุนูุงุฑุ ููุฌููุน ุงููุณุชููุงุช ูุฎูุงุฑู ุงูุฃูู ููุฃูู ูููุนุจ ูููุงุณุชูุงุน ูู ูููู ุชุญุจ.,"https://www.google.com/maps/search/?api=1&query=24.767419,46.6049014",experience,https://webook.com/ar/experiences/3-rounds--of-bowling,24.767419,46.6049014,Hittin
MDLBeast: Guns N' Roses,179.0,23 ูุงูู 2025 - 23 ูุงูู 2025,ูุณุฑุญ ูุญูุฏ ุนุจุฏู,unknown,"https://www.google.com/maps/place/ูุณุฑุญ+ูุญูุฏ+ุนุจุฏู%E2%80%AD/@24.7692187,46.6048397,16.84z/data=!4m12!1m5!3m4!2zMjTCsDQ2JzAzLjgiTiA0NsKwMzYnMTUuOCJF!8m2!3d24.7677222!4d46.6043889!3m5!1s0x3e2ee3daf87dc303:0x42f9f1c56a1e10c4!8m2!3d24.7723906!4d46.6064511!16s%2Fg%2F11vdgxgtg5?entry=ttu&g_ep=EgoyMDI1MDMxMi4wIKXMDSoJLDEwMjExNDUzSAFQAw%3D%3D",music,https://webook.com/ar/events/mdl-beast-gun-n-roses-tickets,24.7692187,46.6048397,Hittin
ุฃูู ููุงุญุฏ,369.0,ุชุจุฏุฃ ุงููุนุงููุฉ ุงูุณุงุนุฉ 4 ูุณุงุกู ุฅูู ุงูุณุงุนุฉ 4 ุตุจุงุญูุง ุขุฎุฑ ููุช ููุฏุฎูู ุงูุณุงุนุฉ 2 ูุณุงุกู,ุจูุจุงู - ุงูุฑูุงุถ,unknown,"https://www.google.com/maps/search/?api=1&query=25.028510320090447,46.57973996970665",music,https://webook.com/ar/events/thousand-and-one-mdl-beast-25,25.028510320090447,46.57973996970665,Al โArid
ูุณููู ูููู,805.0,01 ุฃุจุฑูู 2025 - 03 ุฃุจุฑูู 2025,"ูุณุฑุญ ูุญูุฏ ุงูุนูู, ุจููููุงุฑุฏ ุณูุชู",unknown,"https://www.google.com/maps/search/?api=1&query=24.76929793989671,46.60621687301289",performence,https://webook.com/ar/events/maskoun-laila-eid-plays-tickets-856834,24.76929793989671,46.60621687301289,Hittin
ุนุฑูุถ ุงูููููุฏูุง ูู ูุงูู,115.0,ุงุณุจูุนูุง,ูู ูุงูู,unknown,"https://www.google.com/maps/search/?api=1&query=24.809330241322687,46.61908246942067",performence,https://webook.com/ar/events/one-mic-comedy-shows-tickets-873299,24.809330241322687,46.61908246942067,Al Sahafah
ุฎููุฉ ููุงูููุง ูู ุงูุฑูุชุฒ ูุงุฑูุชูู,575.0,ุงูุฅูุทุงุฑ: ูู 5:00 ูุณุงุกู ุฅูู 9:00 ูุณุงุกู - ุงูุณุญูุฑ: ูู 10:00 ูุณุงุกู ุฅูู 2:00 ุตุจุงุญูุง.,ุงูุฑูุชุฒ ูุงุฑูุชููุ ุงูุฑูุงุถ,unknown,"https://www.google.com/maps/search/?api=1&query=24.667091732004778,46.628629643388685",performence,https://webook.com/ar/events/layalina-tent-ritz-carlton-tickets-234567,24.66709173200477,46.628629643388685,Umm Al Hammam (West)
ุนุจุงูุฉ ุฅูุณุจู,35.0,12 ูุงุฑุณ 2025 - 16 ูุงุฑุณ 2025,ุนุจูุฉ ูุฌุฏ,unknown,"https://www.google.com/maps/search/?api=1&query=24.784920104232476,46.56904167145531",performence,https://webook.com/ar/events/abaya-expo-alg,24.78492010423248,46.56904167145531,Al Malqa
ูุนุฑุถ ูู ุงูููููุฉ,25.0,ุงูุฅุซููู ุฅูู ุงูุฎููุณ: ูู ุงูุณุงุนุฉ 10:00 ุตุจุงุญูุง ุญุชู 10:00 ูุณุงุกูุ ุงูุฌูุนุฉ ู ุงูุณุจุช: ุงูุณุงุนุฉ 4:00 ูุณุงุกู ุญุชู 10:00 ูุณุงุกู,ุงูุตุงูุฉ ุงููุคูุชุฉ ูููุชุญู ุงูุณุนูุฏู ูููู ุงููุนุงุตุฑ ูู ุฌุงูุณ,unknown,"https://www.google.com/maps/search/?api=1&query=24.74556,46.53518",performence,https://webook.com/ar/events/art-of-kingdom-moc,24.74556,46.53518,Hittin
ูููุฉ ูุด ุงูุณุงููุฉ ูููุฉ ุงุฑุชุฌุงู - ููููุฏู ุจูุฏ,45.0,ูู ุณุจุช | 8 ูุณุงุกุงู ุงูู 10 ูุณุงุกุงู,ููููุฏู ุจูุฏ,unknown,"https://www.google.com/maps/search/?api=1&query=24.75961,46.66373",performence,https://webook.com/ar/events/improv-night-show-274410,24.75961,46.66373,Al Morooj
ูููุฉ ูุงุช ูุฎุฐ - ุนุฑุถ ุฃูุนุงุจ ุงุฑุชุฌุงููุฉ ูู ููููุฏู ุจูุฏ,75.0,ูู ุงุฑุจุนุงุก ู ุณุจุช | 8 ูุณุงุกุงู ุงูู 10 ูุณุงุกุงู,ููููุฏู ุจูุฏ,unknown,"https://www.google.com/maps/search/?api=1&query=24.75961,46.66373",performence,https://webook.com/ar/events/special15improv01night1show,24.75961,46.66373,Al Morooj
ุชุฃููู - ูุนุฑุถ ุณูุฑุงููู,20.0,ุงูุฅุซููู ุฅูู ุงูุฎููุณ: ูุจุฏุฃ ูู ุงูุณุงุนุฉ 10:00 ุตุจุงุญูุงุ ุงูุฌูุนุฉ ูุงูุณุจุช: ุงูุณุงุนุฉ 4:00 ูุณุงุกูุ ุงูุฃุญุฏ: ูุบููุ ูู ุงูุฅุซููู ุฅูู ุงูุณุจุช: ูุบูู ุงูุณุงุนุฉ 10:00 ูุณุงุกู,ุงูุตุงูุฉ ุงููุคูุชุฉ ูููุชุญู ุงูุณุนูุฏู ูููู ุงููุนุงุตุฑุ ุณุงูููุง ุฌุงูุณ,unknown,"https://www.google.com/maps/search/?api=1&query=24.74553,46.53523",performence,https://webook.com/ar/events/adaptability-ceramics-exhibition-moc,24.74553,46.53523,Hittin
ูููุฉ ุณุชุงูุฏ ุงุจ ุจุงูุฅูุฌููุฒูุฉ ููู ุงูุฃุฑุจุนุงุก - ููููุฏู ุจูุฏ,65.0,ูู ุฃุฑุจุนุงุก | 7:45 ูุณุงุกุงู ุงูู 10 ูุณุงุกุงู,ููููุฏู ุจูุฏ,unknown,"https://www.google.com/maps/search/?api=1&query=24.75961,46.66373",performence,https://webook.com/ar/events/english-night-209742,24.75961,46.66373,Al Morooj
ููููุฏู ูุงูุช ูุฐุง ุงูููููุฏ! ูููุฉ ุณุชุงูุฏ ุงุจ ูู ููููุฏู ุจูุฏ,75.0,ุงุณุจูุนูุงู | ูู 8 ูุณุงุกุงู ุงูู 12 ุตุจุงุญุงู,ููููุฏู ุจูุฏ,unknown,"https://www.google.com/maps/search/?api=1&query=24.75961,46.66373",performence,https://webook.com/ar/events/comedy-night-show-697812,24.75961,46.66373,Al Morooj
ุณุฑู ููุบุงูุฉ - ูููุฉ ุณุชุงูุฏ ุงุจ ูุฐุง ุงูุณุจุช ูุน ุงููุซูุฑ ูู ุงูุจูุงุฑุงุช - ููููุฏู ุจูุฏ,75.0,ูู ุณุจุช,ููููุฏู ุจูุฏ,unknown,"https://www.google.com/maps/search/?api=1&query=24.75961,46.66373",performence,https://webook.com/ar/events/very-sary-show-440039,24.75961,46.66373,Al Morooj
ุงูุณุนูุฏูุฉ ุถุฏ ุงูุตูู,10.0,20 ูุงุฑุณ - 20 ูุงุฑุณ 2025,ููุนุจ ุงูุงูู ุจุงุฑู,unknown,"https://www.google.com/maps/place/ุงูุฃูู+ุจุงุฑู%E2%80%AD/@24.7357905,46.6373989,13.94z/data=!4m12!1m5!3m4!2zMjTCsDQ2JzAzLjgiTiA0NsKwMzYnMTUuOCJF!8m2!3d24.7677222!4d46.6043889!3m5!1s0x3e2ee324ff6c069b:0x7a73a105bd8d9dbf!8m2!3d24.7292039!4d46.6237711!16s%2Fg%2F11qr23nn_s?entry=ttu&g_ep=EgoyMDI1MDMxMi4wIKXMDSoJLDEwMjExNDUzSAFQAw%3D%3D",sport,https://webook.com/ar/events/saudi-vs-china-98231,24.7357905,46.6373989,Al Morooj
ูุจุฐุฉ ุนู ุฑูุงุถุฉ ุงูููุงููุฉ ูุน ูุงุฏู ุฑูุงุถ ูููุจุงุช,80.0,ุฃูุงู ุงูุณุจุช ูุงูุงุซููู (ุงุจุชุฏุงุกู ูู 1 ูุงุฑุณ) ูู ุงูุณุงุนุฉ 9:00 ูุณุงุกู ุฅูู ุงูุณุงุนุฉ 10:00 ูุณุงุกู,ูุฌูุฉ ุงูุจุฑูููููุฏ,unknown,"https://www.google.com/maps/search/?api=1&query=24.75560630409196,46.58741836085954",sport,https://webook.com/ar/events/sbf-promenade-boxing-combat-club,24.75560630409196,46.58741836085954,Hittin
"ุฌูุณุฉ ุชูุงุฑูู ุงูููุงูุฉ ""ููุช""",50.0,ูู ููู ุณุจุช ูุงุซููู - 9 ูุณุงุกู ุงูู 11 ูุณุงุกู,ูุฌูุฉ ุงูุจุฑูููููุฏ,unknown,"https://www.google.com/maps/search/?api=1&query=24.75560630409196,46.58741836085954",sport,https://webook.com/ar/events/sbf-promenade-hiit-fitnesstimes,24.75560630409196,46.58741836085954,Hittin
ุฌูุณุฉ ุงููุนุณูุฑ ุงูุชุฏุฑูุจู,50.0,ูู ููู ุณุจุช ูุงุซููู - 9 ูุณุงุกู ุงูู 11 ูุณุงุกู,ูุฌูุฉ ุงูุจุฑูููููุฏ,unknown,"https://www.google.com/maps/search/?api=1&query=24.75560630409196,46.58741836085954",sport,https://webook.com/ar/events/sbf-promenade-bootcamp-fitnesstimes,24.75560630409196,46.58741836085954,Hittin
ูุฃุณ ุงูุณุนูุฏูุฉ 2026 - ุงูุฏุฎูู ุงูุนุงู,175.0,13 ูุจุฑุงูุฑ 2026 - 14 ูุจุฑุงูุฑ 2026,ููุฏุงู ุงูููู ุนุจุฏุงูุนุฒูุฒุ ุงูุฑูุงุถ,unknown,"https://www.google.com/maps/search/?api=1&query=24.991706824443003,46.78504424267779",sport,https://webook.com/ar/events/general-admission-jcsa-2026,24.991706824443003,46.78504424267779,Al Rimal
ูููุฉ ููุณู ุณุจุงูุงุช ุงูุฑูุงุถ,20.0,15 ูุงุฑุณ - 15 ูุงุฑุณ 2025,"ููุฏุงู ุงูููู ุนุจุฏุงูุนุฒูุฒ ูููุฑูุณูุฉ, ุงูุฑูุงุถ",unknown,"https://www.google.com/maps/search/?api=1&query=24.98251,46.77867",sport,https://webook.com/ar/events/riyadh-racing-season-rsace-night-66,24.98251,46.77867,Al Rimal
ุงูุจุงูุงุช ุงูููุณููุฉ -ยูุงุฏูยุงูุดุจุงุจ,240.0,05 ููููุจุฑ 2024 - 05 ูุงูู 2025,ููุนุจ ูุงุฏู ุงูุดุจุงุจ - ุงูุฑูุงุถ,unknown,"https://www.google.com/maps/search/?api=1&query=24.803417847989472,46.62873617116404",sport,https://webook.com/ar/events/season-package--season--al-shabab,24.803417847989472,46.62873617116404,Al Sahafah
ุฌููุงุช ุงูุฃูู ุจุงุฑู,50.0,30 ุฃูุชูุจุฑ 2024,ููุนุจ ุงูุฃููุฑ ููุตู ุจู ููุฏ,unknown,"https://www.google.com/maps/search/?api=1&query=24.66272,46.74242",sport,https://webook.com/ar/events/al-awwal-tour-stadium-tickets-843728,24.66272,46.74242,Al Malaz
ููุณู ุณุจุงูุงุช ุงูุฑูุงุถ,500.0,17 ุฃูุชูุจุฑ 2024 - 15 ูุงุฑุณ 2025,"ููุฏุงู ุงูููู ุนุจุฏุงูุนุฒูุฒ ูููุฑูุณูุฉ, ุงูุฑูุงุถ",unknown,"https://www.google.com/maps/search/?api=1&query=24.98251,46.77867",sport,https://webook.com/ar/events/riyadh-racing-season-pass,24.98251,46.77867,Al Rimal
ุจูุช ุงูุตุจุงู -  ุณุญูุฑ,699.0,08 ูุงุฑุณ 2025 - 04 ุฃุจุฑูู 2025,ุจูุช ุงูุตุจุงู ูู ุญู ุณูุญุงู,unknown,"https://www.google.com/maps/search/?api=1&query=24.741792818790646,46.571490926046714",performence,https://webook.com/ar/events/beit-el-sabban-suhour,24.74179281879065,46.57149092604672,Hittin
ุจูุช ุงูุตุจุงู,799.0,ุงูุฅูุทุงุฑ: ูู 5:30 ูุณุงุกู ุญุชู 8:30 ูุณุงุกูุ ุงูุบุจูุฉ: ูู 9:15 ูุณุงุกู ุญุชู 12:00 ุตุจุงุญูุงุ ุงูุณุญูุฑ: ูู 12:30 ุตุจุงุญูุง ุญุชู 3:30 ุตุจุงุญูุง.,ุจูุช ุงูุตุจุงู ูู ุญู ุณูุญุงู,unknown,"https://www.google.com/maps/search/?api=1&query=24.741792818790646,46.571490926046714",performence,https://webook.com/ar/events/beit-el-sabban-tickets-465784,24.74179281879065,46.57149092604672,Hittin
ุจูุช ุงูุตุจุงู -  ุฅูุทุงุฑ,799.0,08 ูุงุฑุณ 2025 - 04 ุฃุจุฑูู 2025,ุจูุช ุงูุตุจุงู ูู ุญู ุณูุญุงู,unknown,"https://www.google.com/maps/search/?api=1&query=24.741792818790646,46.571490926046714",performence,https://webook.com/ar/events/beit-el-sabban-iftar,24.74179281879065,46.57149092604672,Hittin
ุจูุช ุงูุตุจุงู -  ุบุจูุฉ,699.0,08 ูุงุฑุณ 2025 - 04 ุฃุจุฑูู 2025,ุจูุช ุงูุตุจุงู ูู ุญู ุณูุญุงู,unknown,"https://www.google.com/maps/search/?api=1&query=24.741792818790646,46.571490926046714",performence,https://webook.com/ar/events/beit-el-sabban-ghabga,24.74179281879065,46.57149092604672,Hittin
ูุฑุด ุนูู ุงูุทุฑูู,0.0,15 ููุงูุฑ - 29 ูุงุฑุณ | 21:00 - 1:00 ูู ุงุฑุจุนุงุก - ุฎููุณ - ุฌูุนุฉ - ุณุจุช,ุญู ุงูุทูุฑูู ุงูุชุงุฑูุฎู,unknown,"https://www.google.com/maps/search/?api=1&query=24.733717098196934,46.57388469999999",performence,https://webook.com/ar/events/at-turaif-workshops-turaif-ds-25,24.733717098196934,46.57388469999999,Hittin
ุฑูุถุงู ูู ุงูุฏุฑุนูุฉ,600.0,09 ูุงุฑุณ 2025 - 29 ูุงุฑุณ 2025,"At Tarif Al Jadid, Diriyah 13712, Saudi Arabia",ุงุณุชูุชุน ุจูุตู ููู ูู ุงูุฏุฑุนูุฉุ ุญูุซ ุงูุชุฑุงุซ ูุงููู ููุชููุงู. ุงูุชุดู ูุณุชูุจู ุงูููุ ูุชุฌูู ูู ุงูุทุฑูู ุงูุชุงุฑูุฎูุ ูุนุด ุฃุฌูุงุก ุฑูุถุงู. ุงุฎุชู ูููู ุจุฅูุทุงุฑ ุฑูุถุงูู ูู ุงูุณูุญุงููุฉุ ูุฃูุณูุฉ ุซูุงููุฉ ููุชุนุฉ ูุน ุงููุตุต ูุงูุญูุงูุงุช.,"https://www.google.com/maps/search/?api=1&query=24.74184391717291,46.57154276958509",performence,https://webook.com/ar/experiences/ramadan-in-diriyah,24.74184391717291,46.57154276958509,Hittin
ุฅูุทุงุฑ ุฑูุถุงูู ุนูุฏ ุญุงูุฉ ุงูุนุงูู,600.0,09 ูุงุฑุณ 2025 - 30 ูุงุฑุณ 2025,"ูุณููุฏุ ุญู ุงูููุตููุฉ, ุงูุฏุฑุนูุฉ",ุงุณุชูุชุน ุจุณุญุฑ ุบุฑูุจ ุงูุดูุณ ูู ุญุงูุฉ ุงูุนุงูู. ุจุนุฏ ุงูุงุณุชูุชุงุน ุจุงูููุงุธุฑ ุงูุฎูุงุจุฉุ ุงูุทูู ุฅูู ุงููุงุฏู ูุชูุงูู ุฅูุทุงุฑ ุชูููุฏู ุจุณูุท. ุจุฑููุฉ ุฎุจูุฑุ ุชุนุฑูู ุนูู ุนุงุฏุงุช ุฑูุถุงูุ ูุชูุงููุฏ ุงูุตูุงูุ ูุงูุฃูููุฉ ุงูุซูุงููุฉ ููุดุงุฑูุฉ ูุฌุจุฉ ุชุญุช ุงููุฌูู ูู ููุจ ุงูุทุจูุนุฉ.,"https://www.google.com/maps/search/?api=1&query=24.7418217,46.57145",performence,https://webook.com/ar/experiences/sunset-and-iftar-at-the-edge-of-the-world,24.7418217,46.57145,Hittin
ููู ูู ุงูุฑูุงุถ: ุงูุชุฑุงุซุ ุงูุนูุงุฑุฉุ ู ุงูุชูุงููุฏ ุงูุฑูุถุงููุฉ,199.0,09 ูุงุฑุณ 2025 - 30 ูุงุฑุณ 2025,"ูุณููุฏุ ุญู ุงูููุตููุฉ, ุงูุฏุฑุนูุฉ",ุงูุทูู ูู ุฑุญูุฉ ุซูุงููุฉ ููุชุนุฉ ูููู ูุงูู ูุงุณุชูุดุงู ุฑูุญ ุงูุฑูุงุถ. ุชุจุฏุฃ ุงูุฌููุฉ ุจุฒูุงุฑุฉ ูุณุฌุฏ ุงูุฑุงุฌุญูุ ุฃุญุฏ ุฃุจุฑุฒ ูุนุงูู ุงููุฏููุฉ ุงูุฏูููุฉุ ููุชุนุฑู ุนูู ุฃุตูู ุงูุชูุงููุฏ ุงูุฅุณูุงููุฉ. ุซู ููุชูู ุฅูู ุงูุฑูุงุถ ุงููุฏููุฉุ ุญูุซ ุชุชุญุฏุซ ุงููุจุงูู ุนู ุชุงุฑูุฎ ุงููุฏููุฉ ุงูุนุฑูู. ูุชุณุชูุฑ ุงูุฑุญูุฉ ุฅูู ุงูุฏุฑุนูุฉุ ููุฏ ุงูุฏููุฉ ุงูุณุนูุฏูุฉุ ููุชุฌูู ูู ุฃุฒูุชูุง ุงูุชุงุฑูุฎูุฉ. ูุนูุฏ ุบุฑูุจ ุงูุดูุณุ ูุชูุงูู ุงูุฅูุทุงุฑ ูู ุงูุณูุญุงููุฉ ุจุฑููุฉ ูุฑุดุฏูุง ุงูุฐู ุณูุดุฑุญ ููุง ุฃูููุฉ ุดูุฑ ุฑูุถุงู. ููุฎุชู ุงูููู ุจุฌูุณุฉ ุญุฑู ูุฏููุฉ ููุตูุน ุชุญูุฉ ูููุฉ ูุณุชูุญุงุฉ ูู ุนุงุฏุงุช ุฑูุถุงูุ ููุง ูุฑุจุทูุง ุจูููู ุงูุซูุงูุฉ ุงูุณุนูุฏูุฉ ุงูุฃุตููุฉ.,"https://www.google.com/maps/search/?api=1&query=24.7418217,46.57145",performence,https://webook.com/ar/experiences/a-day-in-riyadh-heritage-architecture-and-ramadan-traditions,24.7418217,46.57145,Hittin
ุฅูุทุงุฑ ูู ูุฒุฑุนุฉ ุนุงุฆูู ูุชูู,500.0,09 ูุงุฑุณ 2025 - 30 ูุงุฑุณ 2025,"ูุณููุฏุ ุญู ุงูููุตููุฉ, ุงูุฏุฑุนูุฉ",ุชูุฌู ุฅูู ูุฒุฑุนุฉ ุนุงุฆูุฉ ูุชูู ุงููุงุฏุฆุฉ ูุชูุงูู ุฅูุทุงุฑ ุฑูุถุงูู ูุง ูููุณู ูุน ุนุงุฆูุฉ ูุชูู. ุงุจุฏุฃ ุฅูุทุงุฑู ุจุงูุชูุฑ ูุงููุจู ุงูุชูููุฏููู ูู ุฌู ุฏุงูุฆ ููุฑุญุจ. ุจุนุฏ ุงูุฅูุทุงุฑุ ุงุณุชูุชุน ุจุฑููุจ ุฎูู ูุงุฏุฆ ูู ุฅุณุทุจู ูู ุงููุฒุงุญููุฉุ ูุชุตูุงู ุจุงูุทุจูุนุฉ. ุนุฏ ุฅูู ุงููุฒุฑุนุฉ ูุชุฐูู ุทุจู ุฑุฆูุณู ูุฐูุฐ ุฃุนุฏุชู ุฃู ูุชููุ ููุฏู ูู ูุฐุงููุง ูููุทุจุฎ ุงูุณุนูุฏู ุงูุฃุตูู ุงููุนุฏ ูู ุงูููุฒู.,"https://www.google.com/maps/search/?api=1&query=24.7418217,46.57145",performence,https://webook.com/ar/experiences/iftar-at-ftoon-s-family-farm,24.7418217,46.57145,Hittin
ุฅูุทุงุฑ ุฑูุถุงู ูู ุงูุตุญุฑุงุก: ุฑุญูุฉ ุงููุดุชุฉ,700.0,13 ูุงุฑุณ 2025 - 29 ูุงุฑุณ 2025,"ูุณููุฏุ ุญู ุงูููุตููุฉ, ุงูุฏุฑุนูุฉ",ุงุจุฏุฃ ุจุฒูุงุฑุฉ ุฅูู ูุฒุฑุนุฉ ุงูุฌูุงูุ ุญูุซ ุณูุดุงุฑูู ููุฏ ูุนูููุงุช ุนู ุชูุงููุฏ ูุฃูููุฉ ุงูุฌูุงู ูู ุงูุซูุงูุฉ ุงูุณุนูุฏูุฉ. ุจุนุฏ ุฐููุ ุณุชููู ุจุงูุฃุณุชูุชุงุน ุจุงููุดุชุฉ ุงูุชูููุฏูุฉ ูู ููุจ ุงูุตุญุฑุงุกุ ุญูุซ ุณุชูุทุฑ ุจุงูุชูุฑ ูุงููุจู ุชุญุช ุณูุงุก ุงูุตุญุฑุงุก ุงููุงุณุนุฉ. ุจุนุฏ ุงูุฅูุทุงุฑุ ุชูุฌู ุฅูู ุงูุฎููุฉ ุงูุฑุฆูุณูุฉ ููุงุณุชูุชุงุน ุจุฅูุทุงุฑ ุชูููุฏู ูุน ููุฏ ูุฃุตุฏูุงุฆูุ ููุง ูุนุฒุฒ ุชุฌุฑุจุฉ ุงูุฏูุก ููุฑู ุงูุถูุงูุฉ ูู ุญูุงุฉ ุงูุตุญุฑุงุก.,"https://www.google.com/maps/search/?api=1&query=24.7418217,46.57145",performence,https://webook.com/ar/experiences/ramadan-in-the-desert-a-kechta-camel-journey,24.7418217,46.57145,Hittin
ููุงูู ุฑูุถุงููุฉ: ุฑุญูุฉ ุนุจุฑ ุงูุชูุงููุฏ,300.0,09 ูุงุฑุณ 2025 - 30 ูุงุฑุณ 2025,"ูุณููุฏุ ุญู ุงูููุตููุฉ, ุงูุฏุฑุนูุฉ",ุงูุถู ุฅูููุง ูุฅูุทุงุฑ ุชูููุฏู ูู ุงูุณูุญุงููุฉุ ุญูุซ ุณุชูุทุฑ ูุน ูุฑุดุฏ ุซูุงูู. ุจูููุง ุชุณุชูุชุน ุจุงููุฌุจุฉุ ุณูุดุงุฑูู ุงููุฑุดุฏ ูุนูููุงุช ุญูู ุฃูููุฉ ุฑูุถุงูุ ุฌุฐูุฑู ุงูุฏูููุฉุ ูุงูุชูุงููุฏ ุงูุบููุฉ ุงูุชู ุชุดูู ูุฐุง ุงูุดูุฑ ุงููุจุงุฑู. ุชููุฑ ูุฐู ุงูุชุฌุฑุจุฉ ุงูุบุงูุฑุฉ ูููุงู ุฃุนูู ูุฑูุถุงูุ ูู ูุนุงููู ุงูุฑูุญูุฉ ุฅูู ุงูููุงุฑุณุงุช ุงูุซูุงููุฉ ุงูุชู ุชุฌูุน ุงููุงุณ ูุนูุง. ุจุนุฏ ุฐููุ ุณุชุณุชูุชุน ุจุฃุฌูุงุก ุงูุณูุญุงููุฉ ุจุนุฏ ุงูุฃูุทุงุฑ,"https://www.google.com/maps/search/?api=1&query=24.7418217,46.57145",performence,https://webook.com/ar/experiences/ramadan-nights-a-journey-through-traditions,24.7418217,46.57145,Hittin
ุชูุงููุฏ ุฑูุถุงู ู ุฅูุทุงุฑ ุจุงูุฏุฑุนูุฉ,500.0,09 ูุงุฑุณ 2025 - 30 ูุงุฑุณ 2025,"ูุณููุฏุ ุญู ุงูููุตููุฉ, ุงูุฏุฑุนูุฉ","ุงุจุฏุฃ ุฑุญูุชู ูู ููุฒู ุทููู ูู ุงูุฏุฑุนูุฉ ุจุฌูุณุฉ ุญุฑููุฉ ูุฑุชุจุทุฉ ุจุดูุฑ ุฑูุถุงู ูุน ููุงู ุณุนูุฏูุ ุญูุซ ุณุชุตูุน ูุทุนุฉ ูููุฉ ูุณุชูุญุงุฉ ูู ุชูุงููุฏ ุฑูุถุงู.
ูุน ุบุฑูุจ ุงูุดูุณุ ุงูุทุฑ ูู ุฃุฌูุงุก ุชูููุฏูุฉ ุฏุงูุฆุฉ. ุงุณุชูุชุน ุจุฃุฌูุงุก ุฑูุถุงู ุงูุฃุตููุฉุ ูุชุฐูู ุงููููุงุช ุงููุญููุฉ ูุงุญุชูู ุจุงูุฃุฌูุงุก ุงูุญูููุฉ ูู ุงูุฏุฑุนูุฉ.","https://www.google.com/maps/search/?api=1&query=24.7418217,46.57145",performence,https://webook.com/ar/experiences/ramadan-traditions-iftar-in-diriyah,24.7418217,46.57145,Hittin
โ ุฅูุทุงุฑ ุฑูุถุงูู ุนูู ุณุทุญ ููุฒู ุทููู,40.0,09 ูุงุฑุณ 2025 - 30 ูุงุฑุณ 2025,"8054 Said Al Ansari, Al Diriyah Al Jadidah, Riyadh 13734, Saudi Arabia","ุนูุด ุชุฌุฑุจุฉ ุฅูุทุงุฑ ูููุฒุฉ ุชุญุช ุงููุฌูู ุนูู ุณุทุญ ููุฒู ุทููู ุชูููุฏู.
ุงุณุชูุชุน ุจุงูุฃุฌูุงุก ุงููุงุฏุฆุฉ ุจูููุง ูุฑุงููู ุฎุจูุฑ ุงูุทูู ูู ุฑุญูุฉ ุนุจุฑ ูููุงุช ูุชูุงููุฏ ุฑูุถุงูุ ููุดุฑุญ ูู ูุนูู ูู ุทุจู ูุงูุทููุณ ุงูุซูุงููุฉ ุงูุชู ุชุฑุงููู.
ุชุฐูู ูุฌุจุฉ ุฃุตููุฉ ูู ูุฐุง ุงูููุงู ุงููุฑูุฏุ ุญูุซ ููุชูู ุงูุชุงุฑูุฎ ูุงูุชุฑุงุซ ูุน ูููู ุงูุทูู ูู ุฃูุณูุฉ ูุง ุชููุณู.","https://www.google.com/maps/search/?api=1&query=24.7479649,46.5363683",performence,https://webook.com/ar/experiences/ramadan-iftar-on-a-mud-house-rooftop,24.7479649,46.5363683,Hittin
ุชุฌุฑุจุฉ โุทูู ุงูุฅูุทุงุฑ ุงููุจุงุดุฑ,220.0,09 ูุงุฑุณ 2025 - 30 ูุงุฑุณ 2025,"ูุณููุฏุ ุญู ุงูููุตููุฉ, ุงูุฏุฑุนูุฉ","ุฅูุณุฑ ุตูุงูู ุจุงูุชูุฑ ูุงููุจู ุงูุชูููุฏูุ ุซู ุงูุชูู ุฅูู ุงููุทุจุฎ ูุน ุฃู ุนุจุฏุงูุฑุญูู ูุชุฌุฑุจุฉ ุทูู ูุจุงุดุฑุฉ.
ุชุนูู ุฃุณุฑุงุฑ ุชุญุถูุฑ ุทุจู ุฑุฆูุณู ุฃุตูู ูู ุฑูุถุงูุ ุจุฑููุฉ ุฎุจุฑุชูุง ููุตุตูุง ุนู ุงูุชูุงููุฏ ุงูุทูู ุงูุชู ุชูุชูู ุนุจุฑ ุงูุฃุฌูุงู.
ุงุฎุชู ุงููุณุงุก ุจูุดุงุฑูุฉ ุงููุฌุจุฉ ุงูุชู ููุช ุจุชุญุถูุฑูุงุ ูุงุญุชุถุงู ุฏูุก ููุฑู ุถูุงูุฉ ุฅูุทุงุฑ ุณุนูุฏู ุฃุตูู.","https://www.google.com/maps/search/?api=1&query=24.7418217,46.57145",performence,https://webook.com/ar/experiences/live-cooking-iftar,24.7418217,46.57145,Hittin
โุฅูุทุงุฑ ุฑูุถุงู ูู ุงููููู,2500.0,09 ูุงุฑุณ 2025 - 31 ูุงุฑุณ 2025,"ูุณููุฏุ ุญู ุงูููุตููุฉ, ุงูุฏุฑุนูุฉ","ุนูุด ุชุฌุฑุจุฉ ููุฏุฉ 24 ุณุงุนุฉ ูู ุงูููููุ ุงููุฏููุฉ ุงูุบููุฉ ุจุงูุชุงุฑูุฎ ูุงูุฌูุงู ุงูุทุจูุนู.
ุงุจุฏุฃ ุฑุญูุชู ูุน ุบุฑูุจ ุงูุดูุณ ุงูุณุงุญุฑ ูู ุจุญูุฑุฉ ุงูุฃุตูุฑุ ุญูุซ ุชูุทุฑ ูู ุฃุฌูุงุก ูุงุฏุฆุฉ ูู ุงููุงุญุฉ ุงูุฐูุจูุฉ. ุซู ุชูุฌู ุฅูู ุงูุณูู ุงููุฏููุ ุญูุซ ูุบูุฑู ุงูุฅูุทุงุฑ ุงูุชูููุฏู ูู ูุทุนู ูุญูู ุจูููุงุช ุงูููุทูุฉ.
ุจุนุฏ ุงูุนุดุงุกุ ุงุณุชูุดู ูุตุฑ ุฅุจุฑุงููู ุงูุชุงุฑูุฎูุ ููู ูุนูู ูู ูุนุงูู ุงูุชุฑุงุซ ุงูุณุนูุฏูุ ูุจู ุงูุชูุฌู ุฅูู ููุงู ุฅูุงูุชู ูู ุงููููู.
ูู ุตุจุงุญ ุงูููู ุงูุชุงููุ ุชูุฌู ุฅูู ุฌุจู ุงููุงุฑุฉ ุงููุฏูุดุ ุญูุซ ุงูุชุดูููุงุช ุงูุตุฎุฑูุฉ ุงููุฑูุฏุฉ ูุงููููู ุงูุจุงุฑุฏุฉ ุชูุฏู ูู ููุงูุฉ ูุฏูุดุฉ ูุจู ุงูุนูุฏุฉ ุฅูู ุงูุฑูุงุถ.","https://www.google.com/maps/search/?api=1&query=24.7418217,46.57145",performence,https://webook.com/ar/experiences/ramadan-escape-to-hofuf,24.7418217,46.57145,Hittin
ุฃูู ุงูุญูยูุงููุตุงุฆุฏ ุงูุญูุฉ,220.0,15 ููุงูุฑ - 31 ูุงุฑุณ  | 21:30 ุงูู 1:00 | ุงูุฎููุณุ ุงูุฌูุนุฉ ูุงูุณุจุชุ ูู ุงุณุจูุน,ุญู ุงูุทูุฑูู ุงูุชุงุฑูุฎู,ูุฌููุนุฉ ุชุฌุณูุฏ ุฏูุฑ ุฃูู ุงูุทุฑููุ ูุดุงุฑููู ุญูุงุฆู ุญูู ุงูุฏููุฉ ุงูุณุนูุฏูุฉ ุงูุฃูููุ ูุฃุฆูุชูุงุ ูุงูุฃุญุฏุงุซ ุงูุฑุฆูุณุฉ ูููุง ููู ูุชุฌูููู ุจูู ุงูุฒูุงุฑ.,"https://www.google.com/maps/search/?api=1&query=24.733717098196934,46.57388469999999",performence,https://webook.com/ar/experiences/living-history-ds-24,24.733717098196934,46.57388469999999,Hittin
ุฐุงูุฑุฉ ุงูุฏุฑุนูุฉ,0.0,"15 ููุงูุฑ - 28 ูุงุฑุณ |  21:00 - 1:00 | ุงูุงุฑุจุนุงุกุ ุงูุฎููุณ ูุงูุฌูุนุฉ, ุงูุณุจุช",ุญู ุงูุทูุฑูู ุงูุชุงุฑูุฎู,ูู ุนุฑุถ ุชูุงุนูู ูุณุฑุญู ูุชุญุฏุซ ุนู ูุตุฉ ุงูุฏุฑุนูุฉ. ุณูุฃุฎุฐ ุงูุฒุงุฆุฑ ุงูู ุฑุญูุฉ ุนุจุฑ ุงูุฒูู ู ุฌููุฉ ุจูู ุฃุจูุงุจ ุงูุทุฑูู ุชุญูู ุนู ุชุงุฑูุฎ ุงูุฏุฑุนูุฉุ ุฃุฆูุชูุงุ ู ุงุจุทุงููุง ู ููู ุฏุงูุนูุง ุนู ุงูุฏููุฉ ุจุฃุฑูุงุญูู.,"https://www.google.com/maps/search/?api=1&query=24.733717098196934,46.57388469999999",performence,https://webook.com/ar/experiences/diriyah-remembrance-ds-24,24.733717098196934,46.57388469999999,Hittin
ุงูุฎูู ุงูุนุฑุจู,220.0,15 ููุงูุฑ - 31 ูุงุฑุณ | 20:30 - 1:00 | ุงูุฎููุณ ูุงูุฌูุนุฉ ูุงูุณุจุช ุฃุณุจูุนูุง,ุญู ุงูุทูุฑูู ุงูุชุงุฑูุฎู,ุชุณููุท ุงูุถูุก ุนูู ุฌูุงู ูุฃูููุฉ ุงูุฎูู ุงูุนุฑุจู ุงูุงุตูู ูุนูู ุฃูู ูุฃุดูุฑ ุงูุณูุงูุงุช ุงูุชู ุชูุงุฑุซูุงูุง ุนุจุฑ ุงูุชุงุฑูุฎ.,"https://www.google.com/maps/search/?api=1&query=24.733717098196934,46.57388469999999",performence,https://webook.com/ar/experiences/arabian-horse-show-ds-24,24.733717098196934,46.57388469999999,Hittin
ุญุตุต ุงูุงุณุชุฑุฎุงุก ููู ุฃุจุฑุงุฌ ูุงูุฏ ูู ุงูุฑูุงุถ,230.0,ุงูุฅุซููู 17 ูุงุฑุณ - ุงูุฃุฑุจุนุงุก 19 ูุงุฑุณ,ูุงูุฏ | ูุจูู 2.12 ุ ูุชุฑู ุจููููุงุฑุฏ | B2 ูููู ุงูุณูุงุฑุงุช,ุงูุถููุง ุฅูููุง ูุชุฌุฑุจุฉ ููููุฉ ูู ุญุตุต ุงูุงุณุชุฑุฎุงุก ููู ุฃุจุฑุงุฌ ูุงูุฏ!ูุฐู ุงููุนุงููุฉ ุงููุฑูุฏุฉ ูู ููุนูุง ุชุฏุนู ุนุดุงู ุงูุงุณุชุฑุฎุงุก ูุงูุจุงุญุซูู ุนู ุงูุณููู ููุงุณุชูุชุงุน ุจุฌูุณุงุช ููุฌูุฉ ูุฅุนุงุฏุฉ ุดุญู ุทุงูุชูุ ูุณููุงู ูู ุจูุฆุฉ ูุงุฏุฆุฉ ูู ุญุฏููุฉ ุงูุณุทุญ ุจูุจูู 2.12 ุชุฑุงุณ.ูุฐุง ุงุญุฌุฒ ููุงูู ุงูููู ูุงุจุฏุฃ ุฃููู ุฎุทูุงุชู ูุญู ุชุญููู ุงูุชูุงุฒู ุงูุฏุงุฎูู!,https://www.google.com/maps?q=QJ8R%2BXQ7+Al+Aqiq%2C+Riyadh&z=17,activite,https://riyadh.platinumlist.net/ar/event-tickets/96289/rooftop-wellness-garden-at-kafd,24.767525,46.641954,Al โAqiq
ุฑูุถุงู ูุน ููุชุจุฉ ุงูุฃุดุฌุงุฑ ูู ุงูุฑูุงุถ,200.0,9 - 27 ูุงุฑุณ,ุฃููู ูููููุชูู,ุฑูุงููุฉ ุฑูุถุงู ูู ููุชุจุฉ ุงูุดุฌุฑุฉ  9  27 ูุงุฑุณุฃุนุฏ ุงูุชูุงุตู ูุน ุฐุงุชูุ ูุงุดุญู ุทุงูุชูุ ูุชุญุฑู ูุน ุงูููุบุงุ ูุงูุชุงู ุชุดูุ ูุฑููุจ ุงูุฏุฑุงุฌุงุชุ ูุชูุงุฑูู ุงูููุฉ ูู ุฃุญุถุงู ุงูุทุจูุนุฉ. ุงูุฌูุณุงุช ูู ุงูุณุงุนุฉ 4:30 ูุณุงุก ู9:00 ูุณุงุก ุงูุฃุญุฏุ ุงูุงุซูููุ ุงูุฃุฑุจุนุงุกุ ูุงูุฎููุณ. ุงูููุงุนุฏ ูุญุฏูุฏุฉุงุญุฌุฒ ููุงูู ุงูุขู!,https://www.google.com/maps?q=Aeon+Collective%2C+PM26%2BR58%D8%8C+%D8%A7%D8%AD%D9%85%D8%AF+%D8%A8%D9%86+%D8%A7%D8%A8%D8%B1%D8%A7%D9%87%D9%8A%D9%85+%D8%A7%D9%84%D8%BA%D8%B2%D8%A7%D9%88%D9%8A%D8%8C+Al+Mathar+Ash+Shamali%2C+Riyadh+12334%2C+Saudi+Arabia&z=17,activite,https://riyadh.platinumlist.net/ar/event-tickets/98217/ramadan-tree-library,24.80225,46.79553,Ishbiliyah
ุณูุงุฑ 2025  ูู ุงูุฑูุงุถ,40.0,ุงูุฌูุนุฉ 14 ูุงุฑุณ - ุงูุฅุซููู 31 ูุงุฑุณ,ุงูุนูุงุฑูุฉ - ุงูุฑูุงุถ,ุดุชุงู ุฃุฏูู ูู ุณูุงุฑ!ุณูุงุฑ ูู ูุฌูุฉ ุชุฑููููุฉ ูุฑูุฏุฉ ูู ููุนูุง ูู ุงูุนูุงุฑูุฉ ูู ุงูุฑูุงุถุ ูุชูุฏู ุชุฌุฑุจุฉ ูููุฒุฉ ุชุฌูุน ุจูู ุงูุชุฑููู ูุงููุฑุงูู ุงูุชุฑููููุฉ ูู ุจูุฆุฉ ููุชูุญุฉ ูุฌูููุฉ. ุชูุฏู ูุนุงููุฉ ุณูุงุฑ ุฅูู ุชูููุฑ ููุงุทู ููุงุณุชุฑุฎุงุก ูุงููุฑุญ ููุฒูุงุฑ ูู ูุฎุชูู ุงูุฃุนูุงุฑ.ุงูููุทูุฉ ุงูุซุงููุฉ ูู ููุทูุฉ ุชุฑููููุฉ ุชุถู ุงูุนุฏูุฏ ูู ุงูุงูุดุทุฉ ุงูุฑูุงุถูุฉ ูุงูุชุฑููููุฉ ูุฌูุฒุฉ ุจุงุญุฏุซ ุงูุชูููุงุช ุงููุทูุฑุฉ ููุจููุฉ ุนูู ุฃูุถู ูุนุงููุฑ ุงูุฌูุฏุฉ ูุงูุณูุงูุฉ ูุงุณุชูุชุงุน ุจุฃูุถู ุชุฌุฑุจุฉ ุนูู ุงูุงุทูุงู!,https://www.google.com/maps?q=%D8%B3%D9%85%D8%A7%D8%B1+%D8%A7%D9%84%D8%B9%D9%85%D8%A7%D8%B1%D9%8A%D8%A9&z=17,activite,https://riyadh.platinumlist.net/ar/event-tickets/smar,24.774876,46.369563,Al Qirawan
ููุงูู ุงูุชูููุฐููู ุงูุฑูุถุงููุฉ ูู ุงููุฏููุฉ ุงููุงููุฉ ูู ุงูุฑูุงุถ,150.0,ุงูุฌูุนุฉ 14 ูุงุฑุณ - ุงูุฃุญุฏ 30 ูุงุฑุณ,ููุฏู ุงูุชูููุฐููู,ูุณุฑูุง ุฏุนูุชูู ููุงุณุชูุชุงุน ุจุชุฌุฑุจุฉ ูุชูุงููุฉ ุฎูุงู ุดูุฑ ุฑูุถุงู ุงููุจุงุฑูุ ุญูุซ ูุณุนุฏ ุจุงุณุชูุจุงูู ุจุฑูุญ ุชููุคูุง ุงูุณุนุงุฏุฉ ูุงููุญุจุฉ. ุชูุถููุง ุจุฒูุงุฑุชูุง ููุงุณุชูุชุงุน ุจูุญุธุงุช ุฌูููุฉ ูุน ุฃุญุจุงุฆูู ูู ุฃุฌูุงุก ุฑูุถุงููุฉ ูููุฒุฉุ ุญูุซ ููุฏู ููู ุฃุดูู ุงูุฃุทุจุงู ูุฃุฑูุน ุงูุนุฑูุถ.ูุญู ููุฏู ุงูุชูููุฐููู ูุงูุฏ ูุชุทูุน ุฅูู ุฃู ุชููู ููุงูู ุฑูุถุงู ูุฏููู ูููุฆุฉ ุจุงููุฑุญ ูุงูุฐูุฑูุงุช ุงูุฌูููุฉ.ุงูุถููุง ุฅูููุง ูุชุฌุฑุจุฉ ูุง ุชูุณู ูุน ุงูุฃูู ูุงูุฃุตุฏูุงุก ูู ุฃุฌูุงุก ูู ุงููุฏ ูุงูุชุฑุญุงุจ.ูุญู ูู ุงูุชุธุงุฑูู ูุน ูู ุงูุฃููุงุช ุงูุทูุจุฉ.,https://www.google.com/maps?q=QJFQ%2BPW+Al+Aqiq%2C+Riyadh+Saudi+Arabia&z=17,activite,https://riyadh.platinumlist.net/ar/event-tickets/98144/executives-kafd-ramadan-nights-in-riyadh,24.774561,46.639855,Al โAqiq
ูุนุงููุฉ ุฑูุงูููุง ูู ุงูุฑูุงุถ,30.0,ุงูุฌูุนุฉ 14 ูุงุฑุณ - ุงูุณุจุช 29 ูุงุฑุณ,ุฑูุงูููุง,ุงูุถููุง ุฅูููุง ูู ููุฑุฌุงู ุฑุงููููุง ูู ููุจ ุงูุฑูุงุถุ ุงุญุชูุงููุฉ ูููุฆุฉ ุจุงูุซูุงูุฉ ูุงูุชุฑููู ูุญุจ ุงููุฌุชูุน! ูุฐู ุงููุนุงููุฉ ุงููููุฒุฉ ุชุฌูุน ุจูู ูุฌููุนุฉ ูู ุงูุฃูุนุงุจ ุงูุฏุงุฎููุฉ ุงููุซูุฑุฉุ ูุฃูุถู ุชุฌุงุฑุจ ุงููููุฉุ ูุชุดูููุฉ ูุชููุนุฉ ูู ุงููุฃูููุงุช ุงูุชู ุณุชุฑุถู ุฌููุน ุงูุฃุฐูุงู. ุณูุงุก ููุช ูู ูุญุจู ุงูููุงูุณุงุช ุงููุฏูุฉุ ุฃู ุงูุชุดุงู ุงููููุงุช ุงูุฌุฏูุฏุฉุ ุฃู ุจุจุณุงุทุฉ ุงูุงุณุชูุชุงุน ุจุงูุฃุฌูุงุก ุงูุงุญุชูุงููุฉุ ููุงู ุดูุก ููุฌููุน!ูุง ุชููุชูุง ูุฐู ุงูุชุฌุฑุจุฉ ุงูุฑุงุฆุนุฉ ูุงุญุฌุฒูุง ุชุฐุงูุฑูู ุงูุขู ูููููุง ุฌุฒุกุง ูู ูุฐุง ุงููุฑุญ!,https://www.google.com/maps?q=Ramalina+%7C+%D8%B1%D9%85%D8%A7%D9%84%D9%8A%D9%86%D8%A7&z=17,activite,https://riyadh.platinumlist.net/ar/event-tickets/97054/ramlina-event-in-riyadh,24.675873,46.561861,Dhahrat Laban
ุญูุงูู ุงูุนูุงุฑูุฉ ูู ุงูุฑูุงุถ,17.0,ุงูุฌูุนุฉ 14 ูุงุฑุณ - ุงูุฅุซููู 31 ูุงุฑุณ,ููุชุฌุน ุฑุชู,ุฅู ูุนุงููุฉ ุญูุงูู ุงูุชุฑููููุฉ ุงูููุฏูุฉ ููุนุงุฆูุงุช ูุณุงุก ูุฑุฌุงู ุชุนุชุจุฑ ุฃุญุฏ ูุดุงุฑูุน ุงูุชุฑููุฉ ูุงูุณูุงุญุฉ ุงููุซูู ุจูุง ุชุถูู ูู ูุญุงูุงุฉ ููุงูุน ุฃูุฏูุฉ ุงูุนูุงุฑูุฉ ูู ุงุฌู ุงูุฌููุณ ูุงูุชุฃูู ูู ุงูุณูุงุก ูุงููุฌูู ูู ุฌูุณุงุช ุฎุงุฑุฌูุฉ ููุชูุญุฉ ุญูุซ ููุฑูุง ุฃุฌูุงุก ูู ุงูููุงุทู ุงูุฎุถุฑุงุก ูุงูุจุญูุฑุงุช ูุงูุถุจุงุจ ููุนุทู ููุนููู ุชุฌุฑุจุฉ ูุซุงููุฉ ููุชุนุฉ. ููุฐุง ุชุนุชุจุฑ ูุนุงููุฉ ุญูุงูู ูุฌูุชู ุงูุฃููู ููุถุงุก ุฃุฌูู ููุงูู ุงูุดุชุงุก ูุนูุด ุชุฌุฑุจู ูุฑูุฏุฉ ูู ููุนูุง ูุชุนุฒูุฒ ุซูุงูุฉ ุงููุฑุญ ููููู ูุถู ุฃูุงูู ุฌููุณ ูุตููุฉ ุจุทุฑููุฉ ุบูุฑ ุชูููุฏูุฉ ูุนุฏุฉ ุฃุฑูุงู ูููุงุฑุณุฉ ุงูุชุตููุฑ ูุงููุนุจ ููุฐูู ุฃูุงูู ููุงุณุชูุชุงุน ุจุงููุดุฑูุจุงุช ูุงููุฃูููุงุช ุงูุฎูููุฉ.,https://www.google.com/maps?q=QC5M%2BP5+%D8%A7%D9%84%D8%B9%D9%85%D8%A7%D8%B1%D9%8A%D8%A9&z=17,activite,https://riyadh.platinumlist.net/ar/event-tickets/95832/hakawi,24.759493,46.432959,Hittin
ุฎููุฉ ููุงูููุง ูู ุงูุฑูุชุฒ ูุงุฑูุชูู ุงูุฑูุงุถ,186.88,ุงูุฌูุนุฉ 14 ูุงุฑุณ - ุงูุฃุญุฏ 16 ูุงุฑุณ,ุงูุฑูุชุฒ ูุงุฑูุชูู,ุงุญุชูููุง ุจุดูุฑ ุฑูุถุงู ุงููุจุงุฑู ูู ุฃุฌูุงุก ูู ุงููุฎุงูุฉ ุงูุฑุงููุฉ ูู ุฎููุฉ ููุงูููุง ุงูุฑูุถุงููุฉุ ุงูููุงูุฉ ูู ููุฏู ุงูุฑูุชุฒ ูุงุฑูุชูู ุงูุฑูุงุถ. ุงุณุชูุชุนูุง ุจุฃูุจุฑ ุจูููู ูู ุงูุฑูุงุถุ ุญูุซ ููุฏู ุชุดูููุฉ ูุงุฎุฑุฉ ูู ุฃุดูู ุงูุฃุทุจุงู ุงูุชูููุฏูุฉ ูุงูุนุงูููุฉุ ุงูุชู ูุชู ุฅุนุฏุงุฏูุง ุจุนูุงูุฉ ุนูู ูุฏ ุฃููุฑ ุงูุทูุงุฉ ูุชูุจูุฉ ุฌููุน ุงูุฃุฐูุงู ุฎูุงู ูุฌุจุชู ุงูุฅูุทุงุฑ ูุงูุณุญูุฑ. ุชูุจุถ ุฃูุณูุงุช ููุงูููุง ุจุงูุญูุงุฉ ูุน ุงููุนุงููุงุช ุงูููููุฉ ูุงูุนุฑูุถ ุงูุชุฑููููุฉ ุงููุชููุนุฉุ ุงูุชู ุชุถูู ุฃุฌูุงุก ูููุฒุฉ ูุซุงููุฉ ููุนุงุฆูุงุช ูุงูุฃุตุฏูุงุก ูุงูุชุฌูุนุงุช ุงูุฎุงุตุฉ ุจุงูุดุฑูุงุช. ูู ุงูุนุฑูุถ ุงูููุณูููุฉ ุงูุณุงุญุฑุฉ ุฅูู ุงูุชุฌุงุฑุจ ุงูุซูุงููุฉ ุงูุชู ุชุนูุณ ุฑูุญ ุฑูุถุงูุ ููุฏู ููู ูู ูููุฉ ุชุฌุฑุจุฉ ุฌุฏูุฏุฉ ูููุชุนุฉ. ุนูุดูุง ุฃุฌูุงุก ุฑูุถุงู ูู ุฃุฑูู ุจูุฆุฉ ุชุฌูุน ุจูู ุงูุฑูุงููุฉ ุงูุนุตุฑูุฉ ูุงูุฃุตุงูุฉ ุงูุชุฑุงุซูุฉุ ูุน ุถูุงูุฉ ุงุณุชุซูุงุฆูุฉ ูุฏูููุฑุงุช ูุตููุฉ ุจุนูุงูุฉ ูุฎูู ุชุฌุฑุจุฉ ุฑูุถุงููุฉ ูุง ุชูุณู. ุณูุงุก ููุชู ุชุจุญุซูู ุนู ุฅูุทุงุฑ ูุงุฏุฆ ุฃู ุณุญูุฑ ููุจุถ ุจุงูุญูููุฉุ ูุฅู ุฎููุฉ ููุงูููุง ุงูุฑูุถุงููุฉ ุชูุฏู ููู ุชุฌุฑุจุฉ ุฑูุถุงููุฉ ูุฑูุฏุฉ ุทูุงู ุงูุดูุฑ ุงููุถูู.,https://www.google.com/maps?q=Al+Hada&z=17,activite,https://riyadh.platinumlist.net/ar/event-tickets/98113/layalina-tent-by-the-ritz-carlton-riyadh,21.365809,40.280285,Tuwaiq
ูุทูุฑ ุฑูุถุงู ุงููุงุฎุฑ ูู ูู ูููุชูุงุฑ ูู ุงูุฑูุงุถ,180.0,ุงูุฌูุนุฉ 14 ูุงุฑุณ - ุงูุฅุซููู 31 ูุงุฑุณ,ูู ูููุชูุงุฑ,ูุฐุง ุงูุนุงู ูุฏุนููู ูุชุฌุฑุจุฉ ูุฑูุฏุฉ ูู ููุนูุง ุฎูุงู ุฃูุณูุงุช ุดูุฑ ุฑูุถุงู ุงูุฎุงุตุฉุ ูุญูุซ ุณููุฏู ูู ุฃุดูู ุงูุฃุทุจุงู ุงูุชูููุฏูุฉ ูุงูุญุฏูุซุฉ ุงููุนุฏุฉ ุจุนูุงูุฉ ูุชูุงุณุจ ุฃุฐูุงููู.ุงุณุชูุชุน ุจุชุดูููุฉ ูู ุงูุฃุทุจุงู ุงูุฑุฆูุณูุฉ ุงููุฐูุฐุฉ ูุงูุญูููุงุช ุงูุฑุงุฆุนุฉ ุงูุชู ุณุชุถูู ููุณุฉ ุญููุฉ ุนูู ูุญุธุงุชูุ ูุฐุง ูุง ุชููุช ุงููุฑุตุฉ ูุงุญุฌุฒ ุงูุขู!,https://www.google.com/maps?q=QMJW%2BJW+At+Taawun%2C+Riyadh&z=17,activite,https://riyadh.platinumlist.net/ar/event-tickets/98109/luxurious-ramadan-fotor-at-le-comptoir,24.781665,46.697334,Al Wadi
ุฃูู ููุงุญุฏ ูู ุงูุฑูุงุถ,369.0,ุงูุฎููุณ 24 ุงุจุฑูู - ุงูุฌูุนุฉ 25 ุงุจุฑูู,ุงูุฑูุงุถ ุณูุชู,ุนูู ูุบูุฉ ุณุงุญุฑุฉุ ุชูุชุธุฑูู ุชุฌุฑุจุฉ ูุฑูุฏุฉ ูู ููุนูุง...ูุฑุญุจุง ุจูู ูู 1001 ุงูููุฑุฌุงู ุงูุฐู ููุณุฌ ุงูููุณููู ูุงูุญูุงูุงุช ูุนุง ุจุฃุณููุจ ูุง ูุซูู ูู! ุงุฏุฎููุง ุนุงููุง ุชูุจุถ ููู ุงูุฅููุงุนุงุช ุจุณุญุฑ ุงููุตุตุ ูุชุจุนุซ ุงูุฃูุญุงู ุงูุญูุงุฉ ูู ุงูุฃุณุงุทูุฑ ุงููุฏููุฉุ ูุชููุญูู ุชุฌุฑุจุฉ ุฌุฏูุฏุฉ ููุซูุฑุฉ ุชุฃุณุฑ ุงูุญูุงุณ.ุงุณุชุนุฏูุง ููุบูุต ูู ุฑุญูุฉ ูุง ุชูุณูุ ุญูุซ ุชููุฏูู ูู ูุบูุฉ ุฅูู ูุบุงูุฑุฉ ุฌุฏูุฏุฉุ ูุชุจูู ุฃุตุฏุงุก ูู ุญูุงูุฉ ุชุชุฑุฏุฏ ุญุชู ุขุฎุฑ ุฅููุงุน!,"https://www.google.com/maps?q=24.9986970,46.4925610&z=17",activite,https://riyadh.platinumlist.net/ar/event-tickets/98083/a-thousand-and-one-in-riyadh,24.998697,46.492561,Al โArid
ูููุจูุณ ููุฏู ุญูู ุฑููููุฏุงูุช ูู ุงูุฑูุงุถ,299.0,ุงูุฌูุนุฉ 11 ุงุจุฑูู,ุงููุฏููุฉ ุงูุฅุนูุงููุฉ ุงูุณุนูุฏูุฉ,ูููุจูุณ ูุชุญูุณูู ููุบุงูุฉ ูุงุณุชูุจุงู ุงูุฃุณุทูุฑุฉ ุฑููููุฏุงูุช ูุฃูู ูุฑุฉ ูู ุงูุฑูุงุถ ูุน ุนุฑุถ ุญู ูุง ูููุช!ุงุณุชุนุฏูุง ููููุฉ ุงุณุชุซูุงุฆูุฉ ุญูุซ ูุฃุฎุฐูู ุจุฅููุงุนู ุงูุนููู ูุฃุฌูุงุฆู ุงูุณุงุญุฑุฉ ูู ุฑุญูุฉ ููุณูููุฉ ูุง ุชูุณู ุญูุซ ุณุชููู ูุฐู ูููุฉ ุฎุงุตุฉ ูุง ุชุฑูุฏูู ุชูููุชูุง!ุงูุฏุนู ุงููุญูู ุณูุชู ุงูุฅุนูุงู ุนูู ูุฑูุจุง.,https://www.google.com/maps?q=VHCF%2BVPJ%2C+Al+Qirawan%2C+Riyadh+13545&z=17,activite,https://riyadh.platinumlist.net/ar/event-tickets/98072/yellowplus-present-recondite-in-riyadh,24.872431,46.574255,Al Qirawan
ุนุฑุถ ุณุชุงูุฏ ุฃุจ ููููุฏู ูู ุชูุฏูู ุฌูู ุฃุดูุฑ ูู ุงูุฑูุงุถ,200.0,ุงูุฃุญุฏ 13 ุงุจุฑูู,ููููุฏู ุจูุฏ,ูุฃุฎุฐูู ุงูููููุฏู ุฌูู ุฃุดูุฑ ูู ุฑุญูุฉ ูููุฆุฉ ุจุงููุดุงุนุฑ ูุงูุถุญู ุนุจุฑ ููุถู ุงูุญูุงุฉ ูู ุซูุงุซูููุงุชู.ูู ุญูู ูุจุฏู ุฃู ุงูุนุงูู ุจุฃูููู ูุฏ ููู ูู ุดูุก ูุงูุง!ุ ูุง ูุฒุงู ุฌูู ูุญุงูู ูุฏุฑ ุงููุณุชุทุงุน.ูู ุงูุชููู ูุน ุณุฎุงูุงุช ุงูุญูุงุฉ ุฅูู ุฅุนุทุงุก ุงูุฒูุงุฌ ูุฑุตุฉ ุฃุฎุฑูุ ูู ููุง ููุฐูุฑูุง ุฃู ุงูุดุนูุฑ ุจุงูุถูุงุน ููููุง ูู ุฃูุฑ ุทุจูุนู ุชูุงูุง.ูู ุฎูุงู ููุงุญุธุงุชู ุงูุตุงุฏูุฉ ููุตุตู ุงูุชู ุชูุงูุณ ุงููููุจุ ุณูุฌุนููู ุนุฑุถ ุฌูู ุงูุฎุงุต ุชุถุญูููุ ุชุชุฃููููุ ูุชุดุนุฑูู ุฃููู ุฃูู ูุญุฏุฉ ูู ูุฐุง ุงูุนุงูู ุงููุฌููู ูุงููุฐูู.,https://www.google.com/maps?q=QM57%2BRF+Al+Muruj%2C+Riyadh&z=17,activite,https://riyadh.platinumlist.net/ar/event-tickets/98010/stand-up-comedy-show-by-john-achkar-in-riyadh,24.759684,46.66369,Al Morooj
ุนุฑุถ ุณุชุงูุฏ ุฃุจ ููููุฏู ูู ุชูุฏูู ุฌูู ุฃุดูุฑ ูู ุงูุฑูุงุถ,200.0,ุงูุณุจุช 12 ุงุจุฑูู,ููููุฏู ุจูุฏ,ูุฃุฎุฐูู ุงูููููุฏู ุฌูู ุฃุดูุฑ ูู ุฑุญูุฉ ูููุฆุฉ ุจุงููุดุงุนุฑ ูุงูุถุญู ุนุจุฑ ููุถู ุงูุญูุงุฉ ูู ุซูุงุซูููุงุชู.ูู ุญูู ูุจุฏู ุฃู ุงูุนุงูู ุจุฃูููู ูุฏ ููู ูู ุดูุก ูุงูุง!ุ ูุง ูุฒุงู ุฌูู ูุญุงูู.ูู ุงูุชููู ูุน ุณุฎุงูุงุช ุงูุญูุงุฉ ุฅูู ุฅุนุทุงุก ุงูุฒูุงุฌ ูุฑุตุฉ ุฃุฎุฑูุ ูู ููุง ููุฐูุฑูุง ุฃู ุงูุดุนูุฑ ุจุงูุถูุงุน ููููุง ูู ุฃูุฑ ุทุจูุนู ุชูุงูุง.ูู ุฎูุงู ููุงุญุธุงุชู ุงูุตุงุฏูุฉ ููุตุตู ุงูุชู ุชูุงูุณ ุงููููุจุ ุณูุฌุนููู ุนุฑุถ ุฌูู ุงูุฎุงุต ุชุถุญูููุ ุชุชุฃููููุ ูุชุดุนุฑูู ุฃููู ุฃูู ูุญุฏุฉ ูู ูุฐุง ุงูุนุงูู ุงููุฌููู ูุงููุฐูู.,https://www.google.com/maps?q=QM57%2BRF+Al+Muruj%2C+Riyadh&z=17,activite,https://riyadh.platinumlist.net/ar/event-tickets/97448/stand-up-comedy-show-by-john-achkar-in-riyadh,24.759811,46.663645,Al Morooj
ููุฏู ุจูุณุช ููุฏู ุญูู ูุฑูุฉ ุบูุฒ ุขู ุฑูุฒุฒ ูู ุงูุฑูุงุถ,179.0,ุงูุฌูุนุฉ 23 ูุงูู,ูุณุฑุญ ูุญูุฏ ุนุจุฏู,ุชูุฎุฑ ููุฏู ุจูุณุช ุจุชูุฏูู ูููุฉ ุฃุณุทูุฑูุฉ ูุฌููุน ุฑูุงุฏ ุงูุฑูู: ูุฑูุฉ ุบูุฒ ุขู ุฑูุฒุฒ ูู ุงูุฑูุงุถ!ุงุณุชุนุฏูุง ูุนุฑุถ ูุงุฑู ูุฃุฎุฐูู ูู ุฑุญูุฉ ููุณูููุฉ ูุง ุชูุณู ูุน ุฃููููุงุช ุงูุฑูู ุงูุฐูู ุฃุดุนููุง ุงููุณุงุฑุญ ูุนููุฏ!ุฌุฑุนุฉ ููุซูุฉ ูู ุงูุทุงูุฉ ูุงูุญููู ุจุงูุชุธุงุฑููุ ุญูุซ ุณุชุนูุดูู ูุญุธุงุช ูุง ุชุชูุฑุฑ ูุน ุฃุบุงู ุฎุงูุฏุฉ ูุฒุช ุงูุนุงูู.ูุฐุง ุงุณุชุนุฏูุง ููุบูุงุก ุจุฃุนูู ุตูุชูู ูุน ุงูุฑูุงุฆุน ูู ุงูุฃุบุงูู ูุซู:           ูุงููุฒูุฏ ูู ุงูููุงุฌุขุช ุงูุชู ุณุชุฌุนููู ุชุฑูุตูู ุญุชู ุขุฎุฑ ูุบูุฉ!ุญุฏุฏูุง ุงูููุนุฏ ูู ุชููููููุ ูุฃู ูุฐู ุงููููุฉ ุณุชุจูู ูู ุงูุฐุงูุฑุฉ ุทูููุง ููุง ุชููุชูุง ุงููุฑุตุฉ ูุฃู ุงูุฑูู ุงูุญูููู ูุงุฏู ููุดุนู ุงูุฑูุงุถ!,"https://www.google.com/maps?q=24.7738154,46.6054912&z=17",activite,https://riyadh.platinumlist.net/ar/event-tickets/98081/mdlbeast-presents-guns-n-roses-in-riyadh,24.7738154,46.6054912,Hittin
ูุงุญุฉ ุงูููู ุณููุงู ููุนููู,35.0,ุงูุฌูุนุฉ 14 ูุงุฑุณ - ุงูุฅุซููู 31 ูุงุฑุณ,ูุงุญุฉ ุงูููู ุณููุงู ููุนููู,ูุฌูุชู ุงูุฃููู ููุชุนููู ุจุงูุชุฑูููุชุณุชูุจู ูุงุญุฉ ุงูููู ุณููุงู ููุนููู ุงูุฑุญูุงุช ุงูููุฏุงููุฉ ุงููุฏุฑุณูุฉ ูุงูุฒูุงุฑุงุช ุงูุนุงุฆููุฉ ูุงูุฃูุฑุงุฏุ ูุชูุฏู ููู ุชุฌุฑุจุฉ ุชุนููููุฉ ุชุฑููููุฉ ุดููุฉุ ุชุญูุฒูู ูุชููููู ูุชุทูู ุฅููุงูุงุชูู ุงูุฅุจุฏุงุนูุฉ.,"https://www.google.com/maps?q=24.7169067,46.6391112&z=17",activite,https://riyadh.platinumlist.net/ar/event-tickets/94743/steam-festival2024,24.7169067,46.6391112,Umm Al Hammam (West)
ูููู ุฃุจ ุงูุฑูุงุถ,60.0,Not Available,ูููู ุงุจ - ุณูุดุงู ูุงุจ,  ููุณ ูุฌุฑุฏ ููุงู ููุฃูุนุงุจ ุงูุงุฌุชูุงุนูุฉุ ุจู ูู ููุงุฐ ูุตูู ููุจุงูุบูู ุงูุฐูู ูุจุญุซูู ุนู ูุญุธุงุช ูู ุงูุชุฑููู ูุงูุถุญู ูุฑูุญ ุงููุดุงุฑูุฉ. ููุงุ ูุง ูุชุนูู ุงูุฃูุฑ ุจุงูููุงูุณุฉ ุจูุฏุฑ ูุง ูุชุนูู ุจุชูููุฉ ุดุจูุฉ ุงูุนูุงูุงุช ุงูุงุฌุชูุงุนูุฉ ูุงูุงุณุชูุชุงุน ุจุงููุญุธุฉ. ุณูุงุก ููุช ูู ุนุดุงู ุงูุฃูุนุงุจ ุฃู ุชุฌุฑุจูุง ูุฃูู ูุฑุฉุ ุณุชุฌุฏ ูู   ูุณุงุญุฉ ูุฑูุญุฉ ุชุดุนุฑู ููุฃูู ุจูู ุฃุตุฏูุงุฆู. ุงุฎุชูุงุฑุงุชูุง ูุฏุฑูุณุฉ ุจุนูุงูุฉ ูุชููู ุฎูููุฉ ูููุชุนุฉุ ูุซุงููุฉ ููุงุณุชุฑุฎุงุก ุจุนุฏ ููู ุทููู. ูู ุงูุฃุฑููุงุช ุงููุฑูุญุฉ ุฅูู ุชุฌุฑุจุฉ ุงููุงูุน ุงูุงูุชุฑุงุถู ุงููุจูุฑุฉุ ููู ุฃูุนุงุจ ุงูุทุงููุฉ ุงููุฏูุฉ ุฅูู ูุญุงููุงุช ุงูููุงุฏุฉ ุงูุชู ุชุถูู ููุณุฉ ูู ุงูุฅุซุงุฑุฉุ ุฃูุช ุญุฑ ูู ุงุณุชูุดุงู ูุงูุงุณุชูุชุงุน ุจุงูุฃูุดุทุฉ ุจุงูุทุฑููุฉ ุงูุชู ุชูุงุณุจู. ุชุฐูุฑุชู ุชูุชุญ ูู ุฃุจูุงุจ ุนุงูู ูููุก ุจุงูุชุณููุฉุฃุฌูุฒุฉ ุชุญููุ ุฃุฌูุฒุฉ ููุจููุชุฑุุ ูุงููุฒูุฏ. ุฃุญุถุฑ ุตุฏููุงุ ุงุณุชุฑุฎุ ูุฏุน ุงูุฃุฌูุงุก ุงูุฅูุฌุงุจูุฉ ุชุฃุฎุฐู ูู ุฑุญูุฉ ูุฎุชููุฉ. ูู  ุ ุงูุฃูุฑ ูุง ูุชุนูู ููุท ุจุงูุฃูุนุงุจุ ุจู ุจุงูุงุณุชูุชุงุน ุจูู ูุญุธุฉ. ูุญู ูุชุญูุณูู ูุงุณุชูุจุงูู!,https://www.google.com/maps?q=LEVEL+UP+Social+hub+%7C+%D9%84%DA%A4%D9%84+%D8%A7%D8%A8&z=17,activite,https://riyadh.platinumlist.net/ar/event-tickets/level-up,24.74976,46.614551,Hittin
ูุนุจุฉ ุงูุทุงููุฉ ุฃูุงู ุงูุงุซููู,45.0,Not Available,ูููู ุงุจ - ุณูุดุงู ูุงุจ,ูู ููู ุงุซููู ูุชุฌูุน ูู ุฅุซููููุฉ ูุนุจ ูุนุงููุฉ ุจุงูุชุนุงูู ุจูู ูููู ุงุจ ูุจููุง ุจุงูุงูุงุ ูููุฉ ูููุงูุฉ ุฃูุนุงุจ ูุฑู ูุทุงููุฉ ูุถุญู ูุงุณุชูุชุงุน! ุญุชู ูู ุฌูุช ูุญุงููุ ุฑุงุญ ุชูุถู ููุฌููุนุฉ ูุชูุนุจ ูุน ูุงุณ ุฌุฏุฏุ ูุฃู ูู ูุง ุฒุงุฏ ุนุฏุฏ ุงููุงุนุจููุ ูู ูุง ุฒุงุฏุช ุงููุชุนุฉ!,https://www.google.com/maps?q=LEVEL+UP+Social+hub+%7C+%D9%84%DA%A4%D9%84+%D8%A7%D8%A8&z=17,activite,https://riyadh.platinumlist.net/ar/event-tickets/97023/board-game-mondays,24.74976,46.614551,Hittin
ุจุงุชู ูุงุฑุช - ุงูุฑูุงุถ,120.0,ุงูุซูุงุซุงุก 20 ูุจุฑุงูุฑโุงูุซูุงุซุงุก 1 ุงุจุฑูู,ุจุงุชู ูุงุฑุช,ุงุชู ูุงุฑุช ูู ุฃูู ุณูุงุฑุงุช ุณุจุงู ูุงุฑุชูุบ ุญูููู ูู ุงูุนุงูู ุจูุฒูุฌ ุฃูุนุงุจ ุงูููุฏูู ุฌููุ ูุงููุงูุน ุงููุนุฒุฒ. ุชุฎูู ูุฌููุนุฉ ูุฎุชููุฉ ูู ุฃููุงุน ุงูุฃูุนุงุจ ุงูุชู ุชููู ุงูุณุจุงู ุฅูู ุญุฑุจ ูุงูุณูุงุฑุฉ ุชุทูู ุตูุงุฑูุฎ ูุฅููุงู ุงูุงุนุจูู ุงูุฃุฎุฑููุ ุบูุฑ ุงูุฃุณูุญุฉ ุงูุฃุฎุฑู ูุซู ุงูููุชุฑูุณุ ููุงุจูุ ู ุจุฑููู ุงูุฒูุช. ูุฒูุฏ ูู ุฃููุงุน ุงูุฃูุนุงุจ ุงููุฎุชููุฉ ูุชุงุญุฉ ูุซู ูุฑุฉ ูุฏู ุจุงูุณูุงุฑุฉุ ูุนุจุช ุงูุซุนุจุงูุ ู ูุซูุฑ ูู ุงูุฃูุนุงุจ ุงูุฃุฎุฑู. ุฌุงูุฒูู ููุชุญุฏู,https://www.google.com/maps?q=RQ2W%2BQ6R+Ishbiliyah%2C+Riyadh&z=17,activite,https://riyadh.platinumlist.net/ar/event-tickets/90506/battlekart,24.80225,46.79553,Ishbiliyah
ุฏูุฉ ูููู ุฃุจ,75.0,Not Available,ูููู ุงุจ - ุณูุดุงู ูุงุจ,"ุฌูุณุฉ ุฎุงุฑุฌูุฉ ุจุชุฌูุน ุจูู ุงูุฃุฌูุงุก ุงูุฑูุถุงููุฉ ุงูุฌูููุฉ ูุงูุฑุงุญุฉ. ุงูููุงู ูุฌูุฒ ุจุทุฑููุฉ ุชุญุณุณู ุจุฌู ุฑูุถุงูุ ูุน ุฏูููุฑ ูุนูุณ ุทุงุจุน ุงุฌูุงุก ุฑูุถุงู ุงูุฌูููุฉ. ุชูุฏุฑูู ุชูุถูู ููุช ููุชุน ูุน ุงูุฃูู ุฃู ุงูุฃุตุฏูุงุกุ ูุชุณุชูุชุนูู ุจุงูุงุฌูุงุก ุงููุงุฏูุฉ ูุงููุฑูุญุฉ, ูุน ูุฌูุฏ ูุฑุดุฉ ุนูู ุฑูุถุงููุฉ ููุชุนู",https://www.google.com/maps?q=LEVEL+UP+Social+hub+%7C+%D9%84%DA%A4%D9%84+%D8%A7%D8%A8&z=17,activite,https://riyadh.platinumlist.net/ar/event-tickets/98219/outdoor-lantern-at-level-up,24.74976,46.614551,Hittin
ุฃูุนุงุจ ูุตูุฑุฉ ูุณุชูุญุงุฉ ูู ุฃุฌูุงุก ุฑูุถุงู ูู ุงูุฑูุงุถ,55.0,Not Available,ูููู ุงุจ - ุณูุดุงู ูุงุจ,ุงุณุชุนุฏูุง ููุงุณุชูุชุงุน ุจุญุฏุซ ุฃูุนุงุจ ุณุฑูุนุฉ ุจุทุงุจุน ุฑูุถุงูู ูู ูููู ุฃุจ ููู 20 ูุงุฑุณ. ููุฏู ููู ูุฐุง ุงูุญุฏุซ ุฃููุงุช ูุง ุชูุณู ูุน ุงูุนุงุฆูุฉ ูุงูุฃุตุฏูุงุกุ ุญูุซ ุชุฌูุน ุจูู ุงูุชุญุฏู ูุงููุฑุญ.ูููู ูููุฒ ูู ุฃูุนุงุจ ุตุบูุฑุฉ ูุณุฑูุนุฉ ุชุฑูุฒ ุนูู ุงููุชุนุฉ ูุงูุชุญุฏู. ุนุงุฏุฉ ุชููู ููุงุนุฏูุง ุจุณูุทุฉ ูุชูุงุณุจ ูู ุงูุฃุนูุงุฑ. ุงููุฏู ูููุง ูู ูุถุงุก ููุช ููุชุน ูุน ุงูุฃุตุญุงุจ ุฃู ุงูุนุงุฆูุฉุ ููููุง ุฃูุนุงุจ ุชุฑููููุฉ ูุฐูููุฉ. ุชุณุชุทูุน ุฃู ุชูุนุจูุง ูู ููุช ูุตูุฑุ ูุฐูู ูู ูุซุงููุฉ ููุชุฑููู ุงูุณุฑูุน.ุงุญุตู ุนูู ุชุฐุงูุฑู ูุงุฌุนู ูู ุฑูุถุงู ูุฐุง ุงูุนุงู ุฐูุฑู ูุง ุชูุณู!,https://www.google.com/maps?q=LEVEL+UP+Social+hub+%7C+%D9%84%DA%A4%D9%84+%D8%A7%D8%A8&z=17,activite,https://riyadh.platinumlist.net/ar/event-tickets/98266/minigames-ramadan-theme,24.74976,46.614551,Hittin
ููุงุฒูุฑ ุฑูุถุงู ูู ุงูุฑูุงุถ,55.0,Not Available,ูููู ุงุจ - ุณูุดุงู ูุงุจ,ููุงุฒูุฑ ุฑูุถุงู ูู ูููู ุฃุจ ููุณุช ูุฌุฑุฏ ุฃุณุฆูุฉ ูุฃุฌูุจุฉุ ุจู ุชุฌุฑุจุฉ ูููุฆุฉ ุจุงูุชุญุฏูุ ุงูุญูุงุณุ ูุงูุถุญู! ุงุฌูุน ุฃุตุญุงุจูุ ููู ูุฑูููุ ุฃู ุงูุถู ููุฑูู ุนูุฏ ูุตููู. ุงูุฃุฌูุงุก ุชุนุฌ ุจุงูุชูุงุนูุ ุญูุซ ุชุชูุงูุณ ุงููุฑู ูู ุญู ููุงุฒูุฑ ูุชููุนุฉุ ูู ุงูุซูุงูุฉ ุงูุนุงูุฉ ุฅูู ุงูุชุงุฑูุฎ ูุญุชู ุงูุฃูุบุงุฒ ุงูุทุฑููุฉ. ุณูุงุก ููุช ุนุจูุฑู ูู ุงูููุงุฒูุฑ ุฃู ุชุฑุบุจ ุจุฃู ุชุณุชูุชุน ุจุงูุฃุฌูุงุก ุงูุฑูุถุงููุฉุ ุณุชุชูุญูุฑ ูููุชู ูููุง ุญูู ุงููุชุนุฉ ูุฑูุญ ุงูุชุญุฏู ูุน ูุฑููู.ุงููุนุจุฉ ุนุจุงุฑุฉ ุนู ููุงุฒูุฑ ูุฃูุบุงุฒ ูุณุชูุญุงุฉ ูู ุฃุฌูุงุก ุฑูุถุงู. ุชุนุชูุฏ ุนูู ูุนูููุงุชู ูุณุฑุนุฉ ุจุฏููุชูุ ูุชุชูุงูุณ ูุน ุฃุตุฏูุงุฆู ูุญููุง ุจุณุฑุนุฉ ูุฐูุงุก. ุงููุนุจุฉ ูููุฆุฉ ุจุงูุญูุงุณ ูุงูุชุญุฏูุ ูุฅุฐุง ููุช ุชุญุจ ุงูููุงุฒูุฑุ ุณุชุณุชูุชุน ูุชุนูุด ุฃุฌูุงุก ุฑูุถุงููุฉ ููุชุนุฉ.,https://www.google.com/maps?q=LEVEL+UP+Social+hub+%7C+%D9%84%DA%A4%D9%84+%D8%A7%D8%A8&z=17,activite,https://riyadh.platinumlist.net/ar/event-tickets/98273/ramadan-riddles,24.74976,46.614551,Hittin
