names,price,date,location,description,location_url,type,url,Latitude,Longitude
ููุชุฒู ุงูุฑูุงู ุงูุฑูุงุถู - ููุงูู ุงูุฎููู,50.0,ููููุงู - 5 ุตุจุงุญุงู ุงูู 5 ูุณุงุกู,ููุชุฒู ุงูุฑูุงู ุงูุฑูุงุถู - ุงูููุทูุฉ ุงูุดูุงููุฉ,unknown,"https://www.google.com/maps/search/?api=1&query=24.94631,46.75176",activite,https://webook.com/ar/events/mdl-beast-gun-n-roses-tickets,24.94631,46.75176
ุณูุงุฑ,40.0,09 ูุงุฑุณ 2025 - 31 ูุงุฑุณ 2025,"shqyiqa, Riyadh","ุงูุชุดู ""ุณูุงุฑ"": ูุฌูุฉ ูุฑูุฏุฉ ุชุฌูุน ุจูู ุงูููุฏุณุฉ ุงููุนูุงุฑูุฉ ูุงูุทุจูุนุฉ ูู ุงูุฌุจุงู","https://www.google.com/maps/search/?api=1&query=24.7135517,46.6752957",activite,https://webook.com/ar/events/thousand-and-one-mdl-beast-25,24.7135517,46.6752957
ูุงุฏู ุงููุฎูู ููุจููููุฌ,80.0,26 ูุจุฑุงูุฑ 2025 - 10 ููููู 2025,"shqyiqa, Riyadh",ุงููุฌูุฉ ุงูุงููู ููุญุจู ุงูุจููููุฌ ุนุงุฏุช ูู ุฌุฏูุฏ! ูุงุฏู ุงููุฎูู ููุจููููุฌ ุจุงูุชุธุงุฑูู!,"https://www.google.com/maps/search/?api=1&query=24.7135517,46.6752957",activite,https://webook.com/ar/events/mdl-beast-gun-n-roses-tickets,24.7135517,46.6752957
Red Sand Dunes Adventure,547.0,02 ูุงุฑุณ 2025 - 01 ููููู 2025,"shqyiqa, Riyadh",ุงููุซุจุงู ุงูุฑูููุฉ: ูุบุงูุฑุฉ ุชุญุช ุงููุฌูู ูู ููุจ ุงูุตุญุฑุงุก,"https://www.google.com/maps/search/?api=1&query=24.7135517,46.6752957",activite,https://webook.com/ar/events/thousand-and-one-mdl-beast-25,24.7135517,46.6752957
ูุบุงูุฑุฉ ุจูู ุงูุฌุจุงู,172.5,22 ูุงุฑุณ - 22 ูุงุฑุณ 2025,Hittin - Riyadh,"ุงูุทูู ูู ุฑุญูุฉ ุชุชุฌุงูุฒ ุญุฏูุฏ ุงูุฏุฑูุจ ูุน ุฑู ุฅุณูุงูุจุณ
ุฎุทูุฉ ุฅูู ููุจ ุงูุทุจูุนุฉุ ุญูุซ ุชูุชูู ุงูุฃุฑุถ ุจุงูุณูุงุกุ ููู ุฎุทูุฉ ุชุญูู ูุตุฉ ุจุงูุชุธุงุฑ ุฃู ุชูุฑูู. ูุบุงูุฑุงุช ุงููุดู ูุน ุฑู ุฅุณูุงูุจุณ ููุณุช ูุฌุฑุฏ ุงุณุชูุดุงูุ ุจู ูู ูุฑุตุฉ ููุชูุงุตู ูุน ุงูุทุจูุนุฉ ููุน ุฐุงุชู ููุน ูู ูุดุงุฑูููู ุงูุฑุญูุฉ.
ุงูุชุดู ุชุฌุฑุจุฉ ูุดู ุชุฌูุน ุจูู ุงููุบุงูุฑุฉ ูุงููุนููุ ูุฎูู ุฐูุฑูุงุช ุชุจูู ูุนู ุฅูู ูุง ุจุนุฏ ุงูุชูุงุก ุงูุฏุฑุจ.","https://www.google.com/maps/search/?api=1&query=24.7678522,46.5765421",activite,https://webook.com/ar/events/mdl-beast-gun-n-roses-tickets,24.7678522,46.5765421
Edge of the World Keshta via Manjour Trail,1495.0,10 ูุจุฑุงูุฑ 2025 - 10 ูุงูู 2025,"RBTA7108ุ 7108 ุงูููู ุณุนูุฏ ุงุจู ุนุจุฏุงูุนุฒูุฒ ุณุนูุฏุ 4377ุ ุญู ุงููุคุชูุฑุงุชุ ุงูุฑูุงุถ 12712, Saudi Arabia","Discover the magic of Saudi Arabiaโs breathtaking landscapes on an unforgettable adventure along the Manjour Trail leading to the iconic Edge of the World, a must-see destination for Riyadh travelers. This unique route offers a blend of natural beauty and ancient history, making it one of the top activities in Riyadh for nature lovers and adventure seekers alike.
Begin your journey with a scenic drive in a comfortable Sedan through the rugged desert terrain. Travel past rocky escarpments, serene plateaus, and ancient fossil-lined paths as you explore the untouched wilderness of the Manjour Trailโa hidden gem!
Arrive at the other side of the majestic Edge of the World, where a guided hike takes you to the summit of the dramatic Tuwaiq Mountains, offering awe-inspiring panoramic views of the vast Arabian desert. These endless vistas make for stunning photo opportunities and moments of serene solitude, perfect for capturing unforgettable memories.
After your hike, unwind in an authent","https://www.google.com/maps/search/?api=1&query=24.6666546,46.6921413",activite,https://webook.com/ar/events/thousand-and-one-mdl-beast-25,24.6666546,46.6921413
ูุชูุฒู ูููุง ูููุบุงูุฑุงุช,250.0,15 ุฏูุณูุจุฑ 2024 - 15 ูุงุฑุณ 2025,"Nofa Wildlife Park, Riyadh",ููุน ูุชูุฒู ูููุง ูููุบุงูุฑุงุช ูู ููุชุฌุน ูููุง ูู ุฅุนุฏุงุฏู ุงูุทุจูุนู ุงููุฑูุฏ ูู ููุนู. ูุบุงูุฑุงุช ูุซูุฑุฉ ุชูุชุธุฑู.,"https://www.google.com/maps/search/?api=1&query=24.377,45.92174",activite,https://webook.com/ar/events/mdl-beast-gun-n-roses-tickets,24.377,45.92174
ูุบุงูุฑุฉ ููุชุนุฉ: ุนูู ุณูุงุฑุฉ ุณูุงุฑู ุงูููุดููุฉ ูู ุญุฏููุฉ ูููุง,150.0,11 ุฏูุณูุจุฑ 2024 - 26 ูุงุฑุณ 2025,"Nofa Wildlife Park, Riyadh","ุงูุฑูุงุถ ูููุง ูุซูุฑ ูู ุงููุนุงููุงุช ุงูููุชุนุฉ, ูููู ูู ุฃูุซุฑ ูุชุนุฉ ูู ูุฐู ุงูุชุฌุฑุจุฉ. ุงุตุทุญุจ ุฃุตุฏูุงุฆู ูุนุงุฆูุชู ูุนู ููุงูุถูุงู ุฅูู ุฑุญูุฉ ุฑุงุฆุนุฉ ุนูู ูุชู ุณูุงุฑุฉ ุณูุงุฑู ุงูููุดููุฉ ูู ููู ูู ุญุฏููุฉ ูููุง ููุญูุงุฉ ุงูุจุฑูุฉ. ุนูู ุจุนุฏ ูุณุงูุฉ ูุตูุฑุฉ ูู ุงููุฏููุฉ. ุณุชุณุชุบุฑู ูุฐู ุงูุฌููุฉ ุงููุฏุชุฉ 45 ุฏูููุฉุ ุญูุซ ุณุชูุชูู ุฅูู ููุจ ูููุง ูุชุดูุฏ ุงูุญููุงูุงุช ุชุชุฌูู ุจุญุฑูุฉ. ุจุนุฏ ุฐููุ ุณูุชู ูููู ุฅูู ูุฑูุฒ ุงูุฒูุงุฑ ููุญููุงูุงุช ุงูุตุบูุฑุฉ ุญูุซ ููููู ุงูุชูุงุตู ูู ูุฑุจ ูุน ุงูุนุฏูุฏ ูู ุงูุทููุฑ ุงููุฎุชููุฉ ูุงูุฒูุงุญู ูุงููุฑูุฏ ููุฌููุนุฉ ูุชููุนุฉ ูู ุงูุญููุงูุงุช ุงูุฃุฎุฑู.","https://www.google.com/maps/search/?api=1&query=24.377,45.92174",activite,https://webook.com/ar/events/thousand-and-one-mdl-beast-25,24.377,45.92174
ุญูู ุนุดุงู ุงูุญููุงูุงุช: ุณูุงุฑู ุนูู ุงูุฎูู ูู ุญุฏููุฉ ูููุง ููุญูุงุฉ ุงูุจุฑูุฉ,200.0,05 ููุงูุฑ 2025 - 27 ุฃุจุฑูู 2025,"Nofa Wildlife Park, Riyadh","ุฅุฐุง ููุช ูู ูุญุจูู ุงูุญููุงูุงุช ุงูุฑุญ ูุฃู ูุฐู ุงูุชุฌุฑุจุฉ ุงููููุฒุฉ ููุงุณุจุฉ ูู, ูุงูุชุดุงู ุงูุญููุงูุงุช ุงูุบุฑูุจุฉ ุนู ูุฑุจ ุฃุซูุงุก ุฌููุฉ ูู ุญุฏููุฉ ูููุง ุงูุจุฑูุฉ ุนูู ุธูุฑ ุงูุฎูู. ุชุณุชูุฑ ุงูุฌููุฉ ููุฏุฉ ุณุงุนุฉ ุชูุฑูุจุงู. ุชุนุฏ ููุทููุง ูุฃูุซุฑ ูู 700 ุญููุงูุ ุญูุซ ุณุชุฌุฏ ูุฌููุนุฉ ูุชููุนุฉ ูู ุงูุญูุงุฉ ุงูุจุฑูุฉ ูุงุณุชูุดุงููุง.","https://www.google.com/maps/search/?api=1&query=24.377,45.92174",activite,https://webook.com/ar/events/mdl-beast-gun-n-roses-tickets,24.377,45.92174
ุชููุณ ุฅุนุงุฏุฉ ุงูููุงุฏุฉ ู ุบูุฑ ุตูุชู,365.0,21 ูุงุฑุณ - 21 ูุงุฑุณ 2025,"RAYA7066ุ 7066 ุงุจู ุจูุฑ ุงูุตุฏูู ุงููุฑุนูุ 4516ุ ุญู ุงููุงุณูููุ ุงูุฑูุงุถ 13326, Saudi Arabia","๐ <em></em>ุงูุชุดูู ููุฉ ุชููุณ ""Rebirthing""๐","https://www.google.com/maps/search/?api=1&query=24.8284444,46.6602578",experience,https://webook.com/ar/events/thousand-and-one-mdl-beast-25,24.8284444,46.6602578
ุงูุฌูุณุฉ ุงูุชูููุฏูุฉ - ูุงุณุช ูุช ูุฑุน ุงููุงุญุฉ ููุฑุฌุงู,199.0,12 ูุงุฑุณ 2025 - 30 ููููู 2025,"Uthman Ibn Affan Rd, King Abdullah Dt., Riyadh",โจุงูุฌูุณุฉ ุงูุชูููุฏูุฉ ูู ูุงุณุช ูุช ุฅู ุฅู ุฅุณ,"https://www.google.com/maps/search/?api=1&query=24.7470703,46.72400659999999",experience,https://webook.com/ar/events/mdl-beast-gun-n-roses-tickets,24.7470703,46.72400659999999
ุงูุฌูุณุฉ ุงูุชูููุฏูุฉ - ูุงุณุช ูุช ูุฑุน ุงููุฑุฌุณ ููุณูุฏุงุช ูุงูุฑุฌุงู,199.0,12 ูุงุฑุณ 2025 - 30 ููููู 2025,"Uthman Ibn Affan Rd, An Narjis, Riyadh",โจุงูุฌูุณุฉ ุงูุชูููุฏูุฉ ูู ูุงุณุช ูุช ุฅู ุฅู ุฅุณ,"https://www.google.com/maps/search/?api=1&query=24.818236,46.6870917",experience,https://webook.com/ar/events/thousand-and-one-mdl-beast-25,24.818236,46.6870917
ุงูุฌูุณุฉ ุงูุชูููุฏูุฉ - ูุงุณุช ูุช ูุฑุน ุงููุฑูุฏ ููุณูุฏุงุช ูุงูุฑุฌุงู,199.0,12 ูุงุฑุณ 2025 - 30 ููููู 2025,"Al Thoumamah Rd, ุญู ุงูุฑุจูุนุ Riyadh, Saudi Arabia",ุงูุฌูุณุฉ ุงูุชูููุฏูุฉ ูู ูุงุณุช ูุช ุฅู ุฅู ุฅุณ,"https://www.google.com/maps/search/?api=1&query=24.7248589,46.6763911",experience,https://webook.com/ar/events/mdl-beast-gun-n-roses-tickets,24.7248589,46.6763911
ุงูุฌูุณุฉ ุงูุชูููุฏูุฉ - ูุงุณุช ูุช ูุฑุน ุงูุฑุจูุน ููุณูุฏุงุช ูุงูุฑุฌุงู,199.0,12 ูุงุฑุณ 2025 - 30 ููููู 2025,"Smar Event, Riyadh",ุงูุฌูุณุฉ ุงูุชูููุฏูุฉ ูู ูุงุณุช ูุช ุฅู ุฅู ุฅุณ,"https://www.google.com/maps/search/?api=1&query=24.794371,46.65040009999999",experience,https://webook.com/ar/events/thousand-and-one-mdl-beast-25,24.794371,46.65040009999999
Hike Escape,172.5,15 ูุงุฑุณ 2025 - 16 ูุงุฑุณ 2025,Hittin - Riyadh,"ุชุฌุฑุจุฉ  ุงูุฑุญูุฉ:
ุงุณุชูุดู ุงููุณุงุฑุงุช ุงููุฏูุดุฉ ุงูุชู ุชุฑุจุทู ุจุฌูุงู ุงูุจุฑูุฉ.
ุฅุนุงุฏุฉ ุงูุชูุงุตู ูุน ุงูุนุงูู ุงูุทุจูุนู ูุฐุงุชู ุงูุฏุงุฎููุฉ ูู ุฎูุงู ุงููุดู ุงููุงุนู.
ุงุญุชุถุงู ุทููู ุงูุฏุงุฎูู ูู ุฎูุงู ุงููุนุจ ุงูุฌูุงุนู ุงูููุชุน.","https://www.google.com/maps/search/?api=1&query=24.7678522,46.5765421",experience,https://webook.com/ar/events/mdl-beast-gun-n-roses-tickets,24.7678522,46.5765421
Shared Red Sand Dunes Ramadan Safari with Iftar on Keshta,288.0,15 ูุงุฑุณ - 15 ูุงุฑุณ 2025,"shqyiqa, Riyadh",ุฑุญูุฉ ุฑูุถุงููุฉ ุฅูู ุญุงูุฉ ุงูุนุงูู: ุชูุฒูุ ุฅูุทุงุฑุ ุฅุทูุงูุงุช ุนูู ุฏุฑุจ ููุฌูุฑ ููุดุชุฉ + ุนุดุงุก ูุฌุงูู,"https://www.google.com/maps/search/?api=1&query=24.7135517,46.6752957",experience,https://webook.com/ar/events/thousand-and-one-mdl-beast-25,24.7135517,46.6752957
ุชูุจ ุดูุช,99.0,13 ุฃูุชูุจุฑ 2024 - 04:00 ู,ุจููููุงุฑุฏ ููุฑูุฏ,"ุชูุจ ุดูุช ูู ุงูุชุฌุฑุจุฉ ุงููุซุงููุฉ ูุนุดุงู ุฑูุงุถุฉ """"ุงูุฃูุฑุณููุช"""" ูุงูุฃุณูุญุฉ ุงููุงุฑูุฉุ ููุญุจู ุงูุฅุซุงุฑุฉ ุงูุจุงุญุซูู ุนู ุชุฌุฑุจุฉ ุฃุฏุฑููุงููู ูุดููุฉ.
ูู ุชุฌุฑุจุฉ ุชุฑูุน ูุณุชูู ุงูุชุดููู ุฅูู ุขูุงู ุฌุฏูุฏุฉ ุญูุซ ุชูุชูู ุงูุฏูุฉ ูุน ุงูุงุณุชุฑุงุชูุฌูุฉ ูุงูุดุฏุฉ. ูู ุชูุจ ุดูุชุ ุณุชุบูุฑ ููุณู ูู ุนุงูู ูููุก ุจุงูุณููุงุฑูููุงุช ุงููุชุงููุฉ ุงููุงูุนูุฉุ ุงููุตููุฉ ูุชุญุฏู ุญุชู ุฃูุซุฑ ุงููุงุนุจูู ุฎุจุฑุฉ.","https://www.google.com/maps/search/?api=1&query=24.772732776999252,46.59946921349281",experience,https://webook.com/ar/events/mdl-beast-gun-n-roses-tickets,24.77273277699925,46.59946921349281
"ุบุฑูุฉ ูุฑูุจ "" ูุบุฒ ุงูุฌุนุฑุงู """,80.0,16 ุฃูุชูุจุฑ |  ูู 4:00 ูุณุงุกูุง,ุจููููุงุฑุฏ ููุฑูุฏ,ุฌุนุฑุงู ุบุงูุถ ูุญูู ุบุถุจ ุงููุฑุงุนูุฉ ุจุงูุชุธุงุฑ ูู ูุฌุฑุค ุนูู ุฅุฒุนุงุฌ ุณุจุงุชูู. ุญุงูู ุญู ุงููุบุฒ ูุงููุฑูุจ ูู ุงููุตูุฑ ุงููุดุคููุ ููู ุฑููุฒ ุงูููุฑูุบููููุฉุ ููุณุฑ ุงููููุฉ ูุจู ุฃู ูููุฏ ุงูููุช.,"https://www.google.com/maps/search/?api=1&query=24.772732776999252,46.59946921349281",experience,https://webook.com/ar/events/thousand-and-one-mdl-beast-25,24.77273277699925,46.59946921349281
ุฑุญูุฉ ุงูุฏููุฉ,80.0,15 ุฃูุชูุจุฑ |  ูู 5:00 ูุณุงุกูุง,ุจููููุงุฑุฏ ููุฑูุฏ,ูู ุฌุฒูุฑุฉ ูุนุฒููุฉ ุนูู ุฃุทุฑุงู ุจุญูุฑุฉ ูุงุฏุฆุฉุ ุชุทูู ุฏูู ูุฑูุจุฉุ ุงูุชุดู ุงุณุฑุงุฑ ุงูุฏูู ุงูุบุงุฑูุฉ ูู ุธุฑูู ุบุงูุถุฉุ ูุงูุทูููุง ูู ุชุฌุฑุจุฉ ุฑุนุจ ูุง ุชููุณู ุญูุซ ูููุฒุฌ ุงูุบููุถ ุจุงูุฎูู ูู ูู ูุญุธุฉ.,"https://www.google.com/maps/search/?api=1&query=24.772732776999252,46.59946921349281",experience,https://webook.com/ar/events/mdl-beast-gun-n-roses-tickets,24.77273277699925,46.59946921349281
ุจุงุชู ูุงุฑุช ุจูููฺคุงุฑุฏ ููุฑูุฏ,130.0,26 ุฃูุชูุจุฑ |  ูู 4:00 ูุณุงุกูุง,ุจููููุงุฑุฏ ููุฑูุฏ,ุจุงุชู ูุงุฑุช ูู ุฃูู ุณูุงุฑุงุช ุณุจุงู ูุงุฑุชูุบ ุญูููู ูู ุงูุนุงูู ุจูุฒูุฌ ุฃูุนุงุจ ุงูููุฏูู ุฌููุ ูุงููุงูุน ุงููุนุฒุฒ. ุชุฎูู ูุฌููุนุฉ ูุฎุชููุฉ ูู ุฃููุงุน ุงูุฃูุนุงุจ ุงูุชู ุชููู ุงูุณุจุงู ุฅูู ุญุฑุจ ูุงูุณูุงุฑุฉ ุชุทูู ุตูุงุฑูุฎ ูุฅููุงู ุงูุงุนุจูู ุงูุฃุฎุฑููุ ุบูุฑ ุงูุฃุณูุญุฉ ุงูุฃุฎุฑู ูุซู ุงูููุชุฑูุณุ ููุงุจูุ ู ุจุฑููู ุงูุฒูุช. ูุฒูุฏ ูู ุฃููุงุน ุงูุฃูุนุงุจ ุงููุฎุชููุฉ ูุชุงุญุฉ ูุซู ูุฑุฉ ูุฏู ุจุงูุณูุงุฑุฉุ ูุนุจุช ุงูุซุนุจุงูุ ู ูุซูุฑ ูู ุงูุฃูุนุงุจ ุงูุฃุฎุฑู. ุฌุงูุฒูู ููุชุญุฏูุ,"https://www.google.com/maps/search/?api=1&query=24.772732776999252,46.59946921349281",experience,https://webook.com/ar/events/thousand-and-one-mdl-beast-25,24.77273277699925,46.59946921349281
ููููููููู - ุจูุงู ุฏูุช,100.0,04 ููููุจุฑ 2024 - 10 ุฃุจุฑูู 2025,ุจููููุงุฑุฏ ููุฑูุฏ,"ูู ููููููููู ุจูุงู ุฏูุชุ ุชุตูุน ุงูุนุงุฆูุงุช ุฐูุฑูุงุช ูุง ุชูุณู ุจูููุง ูุฎูุถ ุงุทูุงููู ุชุฌุฑุจุฉ ููุชุนู ูู ุนุงูู ููููููููู ุงูุชูู ุจุดุฎุตูุงุชูู ุงููุญุจูุจุฉ  ุฌูุฌู ู ููุฏู ุนู ูุฑุจุ ุฏุน ุตุบุงุฑู ูุชุนูููู ููุณุชูุดููู ูู ุฎูุงู ุงููุนุจ ุงูุชูุงุนูู ุงููุตูู ูููุงุณุจูู , ุงููุง ูุฑุตุฉ ุฑุงุฆุนุฉ ููุฃุทูุงู ูููุดุงุฑูุฉ ูู ุชุฌุงุฑุจ ุนูููุฉ ููููุฏุฉุ ุจูููุง ูุณุชูุชุน ุงูุฃูู ุจูุดุงูุฏุฉ ุณุนุงุฏุฉ ุตุบุงุฑูู ููุจุถ ุจุงูุญูุงุฉ .
 ููููููููู ุจูุงู ุฏูุช ููุณุช ูุฌุฑุฏ ุฒูุงุฑุฉุ ุจู ุชุฌุฑุจุฉ ุชููุฃ ุงูุนุงุฆูุงุช ุจุงูุจูุฌุฉ ูุชุฏูุนูู ููุนูุฏุฉ ูุฑุฉ ุฃุฎุฑู ุจูู ุญูุงุณ ูุญุฌุฒ ููุนุฏ ุฌุฏูุฏ ูุฒูุงุฑุฉ ูุงุฏูุฉ.","https://www.google.com/maps/search/?api=1&query=24.772732776999252,46.59946921349281",experience,https://webook.com/ar/events/mdl-beast-gun-n-roses-tickets,24.77273277699925,46.59946921349281
ุงููุงุญุฉ,70.0,15 ุฃูุชูุจุฑ |  ูู 5:00 ูุณุงุกูุง,ุจููููุงุฑุฏ ููุฑูุฏ,ุงุณุชุนุฏ ููุงุณุชูุชุงุน ุจุชุฌุฑุจุฉ ุดุงุทุฆูุฉ ูุฑูุฏุฉุ ุญูุซ ุชุณุจุญ ุจูู ุฃููุงุฌ ูู ุงููุฑุงุช ุงูุจูุงุณุชูููุฉ ูุชุนูุด ุฃุฌูุงุกู ูููุฒุฉ ูู ุงูุงุณุชุฑุฎุงุก ูุงููุชุนุฉ ูููุฆุฉ ุจุงููุฑุญ ูุงูุฃูุดุทุฉ ุงููุชููุนุฉ.,"https://www.google.com/maps/search/?api=1&query=24.772732776999252,46.59946921349281",experience,https://webook.com/ar/events/thousand-and-one-mdl-beast-25,24.77273277699925,46.59946921349281
ููุฏู ุฏุฑุงูููุง,80.0,15 ุฃูุชูุจุฑ |  ูู 5:00 ูุณุงุกูุง,ุจููููุงุฑุฏ ููุฑูุฏ,ูุฑุญุจูุง ุจูู ูู ููุฏู ูุตุงุตู ุงูุฏูุงุก ูุณุนุฏูุง ุฒูุงุฑุชูู ููุง ูุงูุชุดุงู ุนุงูููุง ุงูุฌุฏูุฏ ูู ููุฏููุง ุงููุตูู ุนูู ุงูุทุฑุงุฒ ุงูุงูุทุงูู ุงูููุณู ุจุงูุฏูุงุก ุญูุซ ูู ุบุฑูุฉ ุชุญูู ุชุญุฏูุงู ูุฎููุงู ูููุฌุงุฉ... ูู ุณุชุชููู ูู ุงูุฎุฑูุฌ ุจุณูุงูุ,"https://www.google.com/maps/search/?api=1&query=24.772732776999252,46.59946921349281",experience,https://webook.com/ar/events/mdl-beast-gun-n-roses-tickets,24.77273277699925,46.59946921349281
ุจููููุงุฑุฏ ุฏูููููุงุฑููู,70.0,15 ุฃูุชูุจุฑ |  ูู 4:00 ูุณุงุกูุง,ุจููููุงุฑุฏ ููุฑูุฏ, ุจููููุงุฑุฏ ุฏูููููุงุฑููู  ูุนูุฏ ุจุนุฑุถ ุฌุฏูุฏ. ุงุณุชูุชุน ุจุงูุชูุงุท ุงูุตูุฑุ ุงูุณุจุงุญุฉ ูุน ุงูุฏูุงูููุ ูุงูุจุฑุงูุฌ ุงูุชุนููููุฉ. ุงุตูุน ุฐูุฑูุงุช ูุง ุชููุณู!,"https://www.google.com/maps/search/?api=1&query=24.772732776999252,46.59946921349281",experience,https://webook.com/ar/events/thousand-and-one-mdl-beast-25,24.77273277699925,46.59946921349281
ุบุงุจุฉ ุงูุจููููุงุฑุฏ,60.0,15 ุฃูุชูุจุฑ |  ูู 4:00 ูุณุงุกูุง,ุจููููุงุฑุฏ ููุฑูุฏ,ุบุงุจุฉ ุจูููฺคุงุฑุฏ ุชุนูุฏ ุจุญููุงูุงุช ูุงุฏุฑุฉ ูู ุจูุฆุฉ ุฅูุฑูููุฉ ูุชุฌุงุฑุจ ุชูุงุนููุฉ.,"https://www.google.com/maps/search/?api=1&query=24.772732776999252,46.59946921349281",experience,https://webook.com/ar/events/mdl-beast-gun-n-roses-tickets,24.77273277699925,46.59946921349281
ุงูุณุจุงุญุฉ ูุน ุงูุฏูุงููู,500.0,15 ุฃูุชูุจุฑ |  ูู 4:00 ูุณุงุกูุง,ุจููููุงุฑุฏ ููุฑูุฏ,ูููู ุฐูุฑูุงุชู ุจุชุฌุฑุจุฉ ุงูุณุจุงุญุฉ ุงููููุฑุฏุฉ ูุน ุงูุฏูุงููู ูุงูููุงุฆูุฉ ูุฌููุน ุฃูุฑุงุฏ ุงูุนุงุฆูุฉ.,"https://www.google.com/maps/search/?api=1&query=24.772732776999252,46.59946921349281",experience,https://webook.com/ar/events/thousand-and-one-mdl-beast-25,24.77273277699925,46.59946921349281
ุงุณุฑุงุฑ ุงูููู,80.0,15 ุฃูุชูุจุฑ |  ูู 5:00 ูุณุงุกูุง,ุจููููุงุฑุฏ ููุฑูุฏ,ุงูุชุดู ุณุฑ ุงุณุฑุงุฑ ุงูููู ูุงุณุชุนุฏ ูููุงุฌูุฉ ุบุถุจู ุงูุฐู ููุจุนุซ ูู ุฃุนูุงู ุงูุชุงุฑูุฎ ูุงูุทูู ูู ุฑุญูุฉ ุฑุนุจ ุฏุงุฎู ุงูููุงุจุฑ ุงููุตุฑูุฉ ุงููุฏููุฉุ ุชุนูุฏ ุชุนุฑูู ูุนูู ุงูุฎูู ุฃูุงู ุนูููู,"https://www.google.com/maps/search/?api=1&query=24.772732776999252,46.59946921349281",experience,https://webook.com/ar/events/mdl-beast-gun-n-roses-tickets,24.77273277699925,46.59946921349281
ููู ุงููููุงู,9000.0,04 ููููุจุฑ 2024 - 10 ุฃุจุฑูู 2025,ุจููููุงุฑุฏ ููุฑูุฏ,"ุชุฌุฑุจุฉ ูุจุงุฑ ุงูุดุฎุตูุงุช ุฏุงุฎู ุจูููฺคุงุฑุฏ ููุฑูุฏ.
ุชูุฏู ุชุฌุฑุจุฉ ุงูุฑูุงููุฉ ูุณุงุญุฉ ุฎุงุตุฉ ูุฃูููุฉ ููุฅูุงูุฉ ูู ููุทูุฉ ุงููููุงูุ ููุง ูุชูุญ ููุถููู ุงูุงุณุชูุชุงุน ุจุฃูุถู ุงููุนุงููุงุช ูุงูุฃูุดุทุฉ ุงูุชู ููุฏููุง ุจูููฺคุงุฑุฏ ููุฑูุฏ ุจุดูู ุฃูุซุฑ ุฑุงุญุฉ.
ูุฑุงูู ุงูุถููู ูุถููุฉ ููุณุงุนุฏ ุดุฎุตู ูุฎุตุตุ ูุชููู ุชูุธูู ุงูุฒูุงุฑุฉ ูุถูุงู ุชุฌุฑุจุฉ ุชุณูู ูุชุฑููู ูุฑูุญุฉ ูููุชุนุฉุ ุจูููุง ูุณุชูุชุน ุงูุถููู ุจูุฑุงูู ุงููููุง ุงููุงุฎุฑุฉ ุฎูุงู ูุชุฑุงุช ุงูุฑุงุญุฉ.
โข     ุงูุชุฌุงุฑุจ ุงููุดูููุฉ: (ุฃุณุฑุงุฑ ุงูููู - ุบุฑูุฉ ุงููุฑูุจ  Curse of Scarab  - ููุฏู ุฏุฑุงูููุง - ุชุฌุฑุจุฉ ุงูุฏูุงููู ุงููุฑูุฏุฉ - ุฐุง ุจูุงููุช ุณูููุง - ุบุงุจุฉ ุงูุจูููฺคุงุฑุฏ - ุงุทุนุงู ุงูุฒุฑุงูุงุช - ุงุทุนุงู ุงูุทููุฑ - ุฌุฒูุฑุฉ ุงูุฃุณุฏ - ุงุทุนุงู ุงูุฃุณุฏ - ุญุฏููุฉ ุงูุณุฑูุงุท)","https://www.google.com/maps/search/?api=1&query=24.772732776999252,46.59946921349281",experience,https://webook.com/ar/events/thousand-and-one-mdl-beast-25,24.77273277699925,46.59946921349281
ูุชุงูุฉ ุงูููุช,80.0,17 ุฏูุณูุจุฑ 2024 - 10 ุฃุจุฑูู 2025,ุจููููุงุฑุฏ ููุฑูุฏ,ุชุญุฏู ุฑุนุจุงู ูุง ูุซูู ูู ูู ุฃุนูุงู ูุฑู ูุตุฑู ูุฏูู! ุงูุทูู ูู ูุชุงูุฉ ูุฑุนุจุฉ ุนุจุฑ ุฏูุงููุฒ ูุธููุฉ ูุบุฑู ูุณูููุฉ ุจุงูุฃุฑูุงุญ ุงูุดุฑูุฑุฉุ ุญูุซ ุชูุฎุชุจุฑ ุดุฌุงุนุชู ูู ููุงุฌูุฉ ุดุจุงู ุงูููุช ูุบุถุจ ุงูููููุงูุงุช ุงูุญุงุฑุณุฉ. ูู ุชูุชูู ุงูุฌุฑุฃุฉ ูุชุฌุงูุฒ ุงูุธูุงูยูุงููุฑูุจยุจุฑูุญู,"https://www.google.com/maps/search/?api=1&query=24.772732776999252,46.59946921349281",experience,https://webook.com/ar/events/mdl-beast-gun-n-roses-tickets,24.77273277699925,46.59946921349281
ุณููพุฑ ููุงู,149.0,04 ููููุจุฑ 2024 - 10 ุฃุจุฑูู 2025,ุจููููุงุฑุฏ ููุฑูุฏ,ุชุญุฏู ุงูุฌุงุฐุจูุฉ ูุฅุธูุฑ ุงูููุงุฑุงุช ุงูุฎุงุฑูุฉ ุงูุฎุงุต ุจู ูุฃูุช ุชุทูุฑุจููุทูุฉ ุทูุฑุงู ูุฑูุฏุฉ ูู ุงูููุงุก ุงูุทูู ุ ุญูุซ ููููู ุงูุชุญููู ุนุงููุง ุฃุซูุงุก ุชุฌุฑุจุฉ ุงูุทูุฑุงู ุงูุฎุงุตุฉ ุจู ูู ููุทูุฉ ุทูุฑุงู ูุบููุฉ ูุฑุญูุงุช ุขููุฉ ุ ููุง ูุฌุนู ุญูู ุงูุทูุฑุงู ูู ูุชูุงูู ุฃู ุดุฎุต.,"https://www.google.com/maps/search/?api=1&query=24.772732776999252,46.59946921349281",experience,https://webook.com/ar/events/thousand-and-one-mdl-beast-25,24.77273277699925,46.59946921349281
ูููุง ุจุงุฑู,23.0,01 ูุงุฑุณ 2025 - 30 ูุงุฑุณ 2025,ูููุง ุจุงุฑู,"ูููุง ุจุงุฑู ูู ุฃูู ุญุฏููุฉ ููููุงุจ ูู ุงูููููุฉ ุงูุนุฑุจูุฉ ุงูุณุนูุฏูุฉุ ูุชุถู ููุงุทู ุฏุงุฎููุฉ ูุฎุงุฑุฌูุฉ. ููุฏู ูกูข ุฎุฏูุฉ ูุฑูุฏุฉุ ุจูุง ูู ุฐูู ุงูุชุฏุฑูุจ ูุงูุนูุงูุฉ. ูููู ูุตุฏููู ุงูุฃููู ุงูุงุณุชูุชุงุน ุจุงููุนุจ ูู ุงููุงุก ูู ุญูุถ ุงูุณุจุงุญุฉ ุงููุฎุตุต. 
ุฅูู ุงูููุงู ุงููุซุงูู ูู ููุตุฏููู ุงูุฃููู ููุนุจ ูุงูุงุฌุชูุงุน ูู ุจูุฆุฉ ุขููุฉ ูููุชุนุฉ.","https://www.google.com/maps/search/?api=1&query=24.634885932161467,46.67277854232931",experience,https://webook.com/ar/events/mdl-beast-gun-n-roses-tickets,24.634885932161467,46.67277854232931
ุชุฌุฑุจุฉ WWE : ุงุณุงุทูุฑ ุงููุตุงุฑุนุฉ,115.0,16 ูุจุฑุงูุฑ - ููููุงู 5:00 ูุณุงุกุงู,ุจููููุงุฑุฏ ุณูุชู,"ูุฑุญุจูุง ุจู ูู ุชุฌุฑุจุฉ ุงููุตุงุฑุนุฉ ุงูุญุฑุฉ ""WWE""!","https://www.google.com/maps/search/?api=1&query=24.76433,46.607",experience,https://webook.com/ar/events/thousand-and-one-mdl-beast-25,24.76433,46.607
"ูุงูู ูุงูุช ุงุช ูุฑูุฏู "" ุงูุงุฎุชุฑุงู ุงูุฃููู"" โ",100.0,15 ุฃูุชูุจุฑ |  ูู 5:00 ูุณุงุกูุง,ุจููููุงุฑุฏ ุณูุชู,"ูู ุงููุณุฎุฉ ุงูุฌุฏูุฏุฉ ูู ูุงูู ูุงูุช ุขุช ูุฑูุฏูุ ุงุฑุชูุน ูุณุชูู ุงูุฑุนุจ ูุงูุชุญุฏูุงุช ุงูู ูุณุชููุงุช ุฌุฏูุฏุฉ ุบูุฑ ูุณุจููุฉ ูุฐุง ูุชูุฌุจ ุนููู ุชุฌุงูุฒูุง ูุชูุฌู ุจุญูุงุชู โ
ูู ุณุชุชููู ูู ุงููุฌุงุฉ ูุงูุฎุฑูุฌ ูู ุงููุฑูุฒ ุงูุชุฌุงุฑู ุณุงููุงุ","https://www.google.com/maps/search/?api=1&query=24.76433,46.607",experience,https://webook.com/ar/events/mdl-beast-gun-n-roses-tickets,24.76433,46.607
ูุนุฑุถ ูุฑูุณุชูุงู ุฏููุฑ: ูุตููู ุงูุฃุญูุงู,50.0,ุงูุงุซููู ุ ุงูุซูุงุซุงุก ุ ุงูุงุฑุจุนุงุก: ูกูก ุตุจุงุญุง ุงูู ูกูก ูุณุงุก | ุงูุฎููุณ ูุงูุณุจุช: ูกูข ูุณุงุก ุงูู ูกูข ุตุจุงุญุง | ุงูุฌูุนุฉ: ูค ูุณุงุก ุงูู 12 ุตุจุงุญุง | ุงูุงุญุฏ: ูุบูู,ุงููุชุญู ุงููุทูู ุงูุณุนูุฏู ุจุงููุฑุจุน,ูุนุฑุถยูุฑูุณุชูุงูยุฏููุฑ|ยููุตููยุงูุฃุญูุงูยููยุงููุชุญูยุงููุทููยุงูุณุนูุฏูยุจุงููุฑุจุนยูููย21ยููููุจุฑ.,"https://www.google.com/maps/search/?api=1&query=24.648057479785372,46.71134526715597",experience,https://webook.com/ar/events/thousand-and-one-mdl-beast-25,24.64805747978537,46.71134526715597
ูุงูุณ ุฃูู ูุงูุจ,99.0,ููููุงู ูู 5:00 ูุณุงุกุงู,ุจููููุงุฑุฏ ุณูุชู,ุญูุงูู ูู ูุงูุณ ุฃูู ูุงูุจุ ุญูุซ ููุชูู ุงููุงูุน ุจุนูุงูู ุฎูุงููุฉุ ูุณุชุงููุงุช ุฎุฑุงููุฉุ ูุฃูุนุงุจ ุฌููููุฉ!,"https://www.google.com/maps/place/24ยฐ46'03.8%22N+46ยฐ36'15.8%22E/@24.7677222,46.6043889,17z/data=!3m1!4b1!4m4!3m3!8m2!3d24.7677222!4d46.6043889?entry=ttu&g_ep=EgoyMDI1MDMxMi4wIKXMDSoJLDEwMjExNDUzSAFQAw%3D%3D",experience,https://webook.com/ar/events/mdl-beast-gun-n-roses-tickets,24.7677222,46.6043889
"ุจููู ""ุงุฑุถ ุงูุฃุญูุงู""",100.0,13 ุฃูุชูุจุฑ | ูู 5 ูุณุงุกุงู,ุจููููุงุฑุฏ ุณูุชู,ุงูุทูู ูู ูุบุงูุฑุงุช ูุง ุญุฏูุฏ ููุง ูุน ุจููู ูุจููุฌู ูู ุนุงูู ุงูุฃุญูุงู ุงููุฏูุดุ ุญูุซ ุชุชุญูู ุงูุญูุงูุงุช ุงูุฎูุงููุฉ ุงูู ูุงูุน ุชุนูุดู,"https://www.google.com/maps/search/?api=1&query=24.76433,46.607",experience,https://webook.com/ar/events/thousand-and-one-mdl-beast-25,24.76433,46.607
ุงููุญูู ูููุงู,100.0,13 ุฃูุชูุจุฑ 2024 - 05:00 ู,ุจููููุงุฑุฏ ุณูุชู,ูู ุงูุช ุงููุญูู ูุงูุชุดู ุงุณุฑุงุฑ ุงูุฌุฑููุฉ ูุญุงูู ุงูุนุซูุฑ ุนูู ุงูููุฒ.. ุชุฌุงูุฒ ุงูุชุญุฏูุงุช ูุญู ุงูุงูุบุงุฒ ูู ุฎูุงู ุนุฏุฉ ูุฑุงุญู ูุงูุดุทุฉ ุชูุงุนููุฉ ุชุฃุฎุฐู ุงูู ุนุงูู ุงููุญูู ูููุงู ุงูุบุงูุถ ูุงููุซูุฑ โ,"https://www.google.com/maps/search/?api=1&query=24.76433,46.607",experience,https://webook.com/ar/events/mdl-beast-gun-n-roses-tickets,24.76433,46.607
ุฌููุชูู ุจููููุฌ,125.0,15 ููุงูุฑ 2025 - 14 ุฃุจุฑูู 2025,"6568 ุงูููุทุฑูุ 2974, Hittin, Riyadh 13516, Saudi Arabia",ุจูุจุฒูุงููุณ ูู ุตุงูุฉ ุจููููุฌ ุชู ุชุตูููููุง ุจุดูู ูููุฒ ููุฎุชูู ูููุชุน ููุนุงุฆูุฉ ูุงูุฃุตุฏูุงุกุ ูุชููุฒ ุจูุจุฒ ูุงููุณ ุจุงูุนุฏูุฏ ูู ุงููููุฒุงุช ุนู ุบูุฑู ูุชูููุฑ ุงูุทุนุงู ูููุฑุงุช ุงูุจููููุฌ ุจุงูุฅุถุงูุฉ ุงูู ุฃูุนุงุจ ุงูุงุฑููุฏ . ุจูุจุฒ ูุงููุณ ููุงุณุจ ูุฌููุน ุงูุฃุนูุงุฑุ ููุฌููุน ุงููุณุชููุงุช ูุฎูุงุฑู ุงูุฃูู ููุฃูู ูููุนุจ ูููุงุณุชูุงุน ูู ูููู ุชุญุจ.,"https://www.google.com/maps/search/?api=1&query=24.767419,46.6049014",experience,https://webook.com/ar/events/thousand-and-one-mdl-beast-25,24.767419,46.6049014
ูฃ ุฌููุงุช ุจููููุฌ,155.0,15 ููุงูุฑ 2025 - 14 ุฃุจุฑูู 2025,"6568 ุงูููุทุฑูุ 2974, Hittin, Riyadh 13516, Saudi Arabia",ุจูุจุฒูุงููุณ ูู ุตุงูุฉ ุจููููุฌ ุชู ุชุตูููููุง ุจุดูู ูููุฒ ููุฎุชูู ูููุชุน ููุนุงุฆูุฉ ูุงูุฃุตุฏูุงุกุ ูุชููุฒ ุจูุจุฒ ูุงููุณ ุจุงูุนุฏูุฏ ูู ุงููููุฒุงุช ุนู ุบูุฑู ูุชูููุฑ ุงูุทุนุงู ูููุฑุงุช ุงูุจููููุฌ ุจุงูุฅุถุงูุฉ ุงูู ุฃูุนุงุจ ุงูุงุฑููุฏ . ุจูุจุฒ ูุงููุณ ููุงุณุจ ูุฌููุน ุงูุฃุนูุงุฑุ ููุฌููุน ุงููุณุชููุงุช ูุฎูุงุฑู ุงูุฃูู ููุฃูู ูููุนุจ ูููุงุณุชูุงุน ูู ูููู ุชุญุจ.,"https://www.google.com/maps/search/?api=1&query=24.767419,46.6049014",experience,https://webook.com/ar/events/mdl-beast-gun-n-roses-tickets,24.767419,46.6049014
MDLBeast: Guns N' Roses,179.0,23 ูุงูู 2025 - 23 ูุงูู 2025,ูุณุฑุญ ูุญูุฏ ุนุจุฏู,unknown,"https://www.google.com/maps/place/ูุณุฑุญ+ูุญูุฏ+ุนุจุฏู%E2%80%AD/@24.7692187,46.6048397,16.84z/data=!4m12!1m5!3m4!2zMjTCsDQ2JzAzLjgiTiA0NsKwMzYnMTUuOCJF!8m2!3d24.7677222!4d46.6043889!3m5!1s0x3e2ee3daf87dc303:0x42f9f1c56a1e10c4!8m2!3d24.7723906!4d46.6064511!16s%2Fg%2F11vdgxgtg5?entry=ttu&g_ep=EgoyMDI1MDMxMi4wIKXMDSoJLDEwMjExNDUzSAFQAw%3D%3D",music,https://webook.com/ar/events/thousand-and-one-mdl-beast-25,24.7692187,46.6048397
ุฃูู ููุงุญุฏ,369.0,ุชุจุฏุฃ ุงููุนุงููุฉ ุงูุณุงุนุฉ 4 ูุณุงุกู ุฅูู ุงูุณุงุนุฉ 4 ุตุจุงุญูุง ุขุฎุฑ ููุช ููุฏุฎูู ุงูุณุงุนุฉ 2 ูุณุงุกู,ุจูุจุงู - ุงูุฑูุงุถ,unknown,"https://www.google.com/maps/search/?api=1&query=25.028510320090447,46.57973996970665",music,https://webook.com/ar/events/mdl-beast-gun-n-roses-tickets,25.028510320090447,46.57973996970665
ูุณููู ูููู,805.0,01 ุฃุจุฑูู 2025 - 03 ุฃุจุฑูู 2025,"ูุณุฑุญ ูุญูุฏ ุงูุนูู, ุจููููุงุฑุฏ ุณูุชู",unknown,"https://www.google.com/maps/search/?api=1&query=24.76929793989671,46.60621687301289",performence,https://webook.com/ar/events/thousand-and-one-mdl-beast-25,24.76929793989671,46.60621687301289
ุนุฑูุถ ุงูููููุฏูุง ูู ูุงูู,115.0,ุงุณุจูุนูุง,ูู ูุงูู,unknown,"https://www.google.com/maps/search/?api=1&query=24.809330241322687,46.61908246942067",performence,https://webook.com/ar/events/mdl-beast-gun-n-roses-tickets,24.809330241322687,46.61908246942067
ุฎููุฉ ููุงูููุง ูู ุงูุฑูุชุฒ ูุงุฑูุชูู,575.0,ุงูุฅูุทุงุฑ: ูู 5:00 ูุณุงุกู ุฅูู 9:00 ูุณุงุกู - ุงูุณุญูุฑ: ูู 10:00 ูุณุงุกู ุฅูู 2:00 ุตุจุงุญูุง.,ุงูุฑูุชุฒ ูุงุฑูุชููุ ุงูุฑูุงุถ,unknown,"https://www.google.com/maps/search/?api=1&query=24.667091732004778,46.628629643388685",performence,https://webook.com/ar/events/mdl-beast-gun-n-roses-tickets,24.667091732004774,46.628629643388685
ุนุจุงูุฉ ุฅูุณุจู,35.0,12 ูุงุฑุณ 2025 - 16 ูุงุฑุณ 2025,ุนุจูุฉ ูุฌุฏ,unknown,"https://www.google.com/maps/search/?api=1&query=24.784920104232476,46.56904167145531",performence,https://webook.com/ar/events/thousand-and-one-mdl-beast-25,24.78492010423248,46.56904167145531
ูุนุฑุถ ูู ุงูููููุฉ,25.0,ุงูุฅุซููู ุฅูู ุงูุฎููุณ: ูู ุงูุณุงุนุฉ 10:00 ุตุจุงุญูุง ุญุชู 10:00 ูุณุงุกูุ ุงูุฌูุนุฉ ู ุงูุณุจุช: ุงูุณุงุนุฉ 4:00 ูุณุงุกู ุญุชู 10:00 ูุณุงุกู,ุงูุตุงูุฉ ุงููุคูุชุฉ ูููุชุญู ุงูุณุนูุฏู ูููู ุงููุนุงุตุฑ ูู ุฌุงูุณ,unknown,"https://www.google.com/maps/search/?api=1&query=24.74556,46.53518",performence,https://webook.com/ar/events/mdl-beast-gun-n-roses-tickets,24.74556,46.53518
ูููุฉ ูุด ุงูุณุงููุฉ ูููุฉ ุงุฑุชุฌุงู - ููููุฏู ุจูุฏ,45.0,ูู ุณุจุช | 8 ูุณุงุกุงู ุงูู 10 ูุณุงุกุงู,ููููุฏู ุจูุฏ,unknown,"https://www.google.com/maps/search/?api=1&query=24.75961,46.66373",performence,https://webook.com/ar/events/thousand-and-one-mdl-beast-25,24.75961,46.66373
ูููุฉ ูุงุช ูุฎุฐ - ุนุฑุถ ุฃูุนุงุจ ุงุฑุชุฌุงููุฉ ูู ููููุฏู ุจูุฏ,75.0,ูู ุงุฑุจุนุงุก ู ุณุจุช | 8 ูุณุงุกุงู ุงูู 10 ูุณุงุกุงู,ููููุฏู ุจูุฏ,unknown,"https://www.google.com/maps/search/?api=1&query=24.75961,46.66373",performence,https://webook.com/ar/events/mdl-beast-gun-n-roses-tickets,24.75961,46.66373
ุชุฃููู - ูุนุฑุถ ุณูุฑุงููู,20.0,ุงูุฅุซููู ุฅูู ุงูุฎููุณ: ูุจุฏุฃ ูู ุงูุณุงุนุฉ 10:00 ุตุจุงุญูุงุ ุงูุฌูุนุฉ ูุงูุณุจุช: ุงูุณุงุนุฉ 4:00 ูุณุงุกูุ ุงูุฃุญุฏ: ูุบููุ ูู ุงูุฅุซููู ุฅูู ุงูุณุจุช: ูุบูู ุงูุณุงุนุฉ 10:00 ูุณุงุกู,ุงูุตุงูุฉ ุงููุคูุชุฉ ูููุชุญู ุงูุณุนูุฏู ูููู ุงููุนุงุตุฑุ ุณุงูููุง ุฌุงูุณ,unknown,"https://www.google.com/maps/search/?api=1&query=24.74553,46.53523",performence,https://webook.com/ar/events/thousand-and-one-mdl-beast-25,24.74553,46.53523
ูููุฉ ุณุชุงูุฏ ุงุจ ุจุงูุฅูุฌููุฒูุฉ ููู ุงูุฃุฑุจุนุงุก - ููููุฏู ุจูุฏ,65.0,ูู ุฃุฑุจุนุงุก | 7:45 ูุณุงุกุงู ุงูู 10 ูุณุงุกุงู,ููููุฏู ุจูุฏ,unknown,"https://www.google.com/maps/search/?api=1&query=24.75961,46.66373",performence,https://webook.com/ar/events/mdl-beast-gun-n-roses-tickets,24.75961,46.66373
ููููุฏู ูุงูุช ูุฐุง ุงูููููุฏ! ูููุฉ ุณุชุงูุฏ ุงุจ ูู ููููุฏู ุจูุฏ,75.0,ุงุณุจูุนูุงู | ูู 8 ูุณุงุกุงู ุงูู 12 ุตุจุงุญุงู,ููููุฏู ุจูุฏ,unknown,"https://www.google.com/maps/search/?api=1&query=24.75961,46.66373",performence,https://webook.com/ar/events/thousand-and-one-mdl-beast-25,24.75961,46.66373
ุณุฑู ููุบุงูุฉ - ูููุฉ ุณุชุงูุฏ ุงุจ ูุฐุง ุงูุณุจุช ูุน ุงููุซูุฑ ูู ุงูุจูุงุฑุงุช - ููููุฏู ุจูุฏ,75.0,ูู ุณุจุช,ููููุฏู ุจูุฏ,unknown,"https://www.google.com/maps/search/?api=1&query=24.75961,46.66373",performence,https://webook.com/ar/events/mdl-beast-gun-n-roses-tickets,24.75961,46.66373
ุงูุณุนูุฏูุฉ ุถุฏ ุงูุตูู,20.0,20 ูุงุฑุณ - 20 ูุงุฑุณ 2025,ููุนุจ ุงูุงูู ุจุงุฑู,unknown,"https://www.google.com/maps/place/ุงูุฃูู+ุจุงุฑู%E2%80%AD/@24.7357905,46.6373989,13.94z/data=!4m12!1m5!3m4!2zMjTCsDQ2JzAzLjgiTiA0NsKwMzYnMTUuOCJF!8m2!3d24.7677222!4d46.6043889!3m5!1s0x3e2ee324ff6c069b:0x7a73a105bd8d9dbf!8m2!3d24.7292039!4d46.6237711!16s%2Fg%2F11qr23nn_s?entry=ttu&g_ep=EgoyMDI1MDMxMi4wIKXMDSoJLDEwMjExNDUzSAFQAw%3D%3D",sport,https://webook.com/ar/events/thousand-and-one-mdl-beast-25,24.7357905,46.6373989
ูุจุฐุฉ ุนู ุฑูุงุถุฉ ุงูููุงููุฉ ูุน ูุงุฏู ุฑูุงุถ ูููุจุงุช,80.0,ุฃูุงู ุงูุณุจุช ูุงูุงุซููู (ุงุจุชุฏุงุกู ูู 1 ูุงุฑุณ) ูู ุงูุณุงุนุฉ 9:00 ูุณุงุกู ุฅูู ุงูุณุงุนุฉ 10:00 ูุณุงุกู,ูุฌูุฉ ุงูุจุฑูููููุฏ,unknown,"https://www.google.com/maps/search/?api=1&query=24.75560630409196,46.58741836085954",sport,https://webook.com/ar/events/mdl-beast-gun-n-roses-tickets,24.75560630409196,46.58741836085954
"ุฌูุณุฉ ุชูุงุฑูู ุงูููุงูุฉ ""ููุช""",50.0,ูู ููู ุณุจุช ูุงุซููู - 9 ูุณุงุกู ุงูู 11 ูุณุงุกู,ูุฌูุฉ ุงูุจุฑูููููุฏ,unknown,"https://www.google.com/maps/search/?api=1&query=24.75560630409196,46.58741836085954",sport,https://webook.com/ar/events/thousand-and-one-mdl-beast-25,24.75560630409196,46.58741836085954
ุฌูุณุฉ ุงููุนุณูุฑ ุงูุชุฏุฑูุจู,50.0,ูู ููู ุณุจุช ูุงุซููู - 9 ูุณุงุกู ุงูู 11 ูุณุงุกู,ูุฌูุฉ ุงูุจุฑูููููุฏ,unknown,"https://www.google.com/maps/search/?api=1&query=24.75560630409196,46.58741836085954",sport,https://webook.com/ar/events/mdl-beast-gun-n-roses-tickets,24.75560630409196,46.58741836085954
ูุฃุณ ุงูุณุนูุฏูุฉ 2026 - ุงูุฏุฎูู ุงูุนุงู,175.0,13 ูุจุฑุงูุฑ 2026 - 14 ูุจุฑุงูุฑ 2026,ููุฏุงู ุงูููู ุนุจุฏุงูุนุฒูุฒุ ุงูุฑูุงุถ,unknown,"https://www.google.com/maps/search/?api=1&query=24.991706824443003,46.78504424267779",sport,https://webook.com/ar/events/thousand-and-one-mdl-beast-25,24.991706824443003,46.78504424267779
ูููุฉ ููุณู ุณุจุงูุงุช ุงูุฑูุงุถ,11500.0,15 ูุงุฑุณ - 15 ูุงุฑุณ 2025,"ููุฏุงู ุงูููู ุนุจุฏุงูุนุฒูุฒ ูููุฑูุณูุฉ, ุงูุฑูุงุถ",unknown,"https://www.google.com/maps/search/?api=1&query=24.98251,46.77867",sport,https://webook.com/ar/events/mdl-beast-gun-n-roses-tickets,24.98251,46.77867
ุงูุจุงูุงุช ุงูููุณููุฉ -ยูุงุฏูยุงูุดุจุงุจ,240.0,05 ููููุจุฑ 2024 - 05 ูุงูู 2025,ููุนุจ ูุงุฏู ุงูุดุจุงุจ - ุงูุฑูุงุถ,unknown,"https://www.google.com/maps/search/?api=1&query=24.803417847989472,46.62873617116404",sport,https://webook.com/ar/events/thousand-and-one-mdl-beast-25,24.803417847989472,46.62873617116404
ุฌููุงุช ุงูุฃูู ุจุงุฑู,50.0,30 ุฃูุชูุจุฑ 2024,ููุนุจ ุงูุฃููุฑ ููุตู ุจู ููุฏ,unknown,"https://www.google.com/maps/search/?api=1&query=24.66272,46.74242",sport,https://webook.com/ar/events/mdl-beast-gun-n-roses-tickets,24.66272,46.74242
ููุณู ุณุจุงูุงุช ุงูุฑูุงุถ,500.0,17 ุฃูุชูุจุฑ 2024 - 15 ูุงุฑุณ 2025,"ููุฏุงู ุงูููู ุนุจุฏุงูุนุฒูุฒ ูููุฑูุณูุฉ, ุงูุฑูุงุถ",unknown,"https://www.google.com/maps/search/?api=1&query=24.98251,46.77867",sport,https://webook.com/ar/events/thousand-and-one-mdl-beast-25,24.98251,46.77867
ุจูุช ุงูุตุจุงู -  ุณุญูุฑ,699.0,08 ูุงุฑุณ 2025 - 04 ุฃุจุฑูู 2025,ุจูุช ุงูุตุจุงู ูู ุญู ุณูุญุงู,unknown,"https://www.google.com/maps/search/?api=1&query=24.741792818790646,46.571490926046714",performence,https://webook.com/ar/events/mdl-beast-gun-n-roses-tickets,24.74179281879065,46.57149092604672
ุจูุช ุงูุตุจุงู,799.0,ุงูุฅูุทุงุฑ: ูู 5:30 ูุณุงุกู ุญุชู 8:30 ูุณุงุกูุ ุงูุบุจูุฉ: ูู 9:15 ูุณุงุกู ุญุชู 12:00 ุตุจุงุญูุงุ ุงูุณุญูุฑ: ูู 12:30 ุตุจุงุญูุง ุญุชู 3:30 ุตุจุงุญูุง.,ุจูุช ุงูุตุจุงู ูู ุญู ุณูุญุงู,unknown,"https://www.google.com/maps/search/?api=1&query=24.741792818790646,46.571490926046714",performence,https://webook.com/ar/events/thousand-and-one-mdl-beast-25,24.74179281879065,46.57149092604672
ุจูุช ุงูุตุจุงู -  ุฅูุทุงุฑ,799.0,08 ูุงุฑุณ 2025 - 04 ุฃุจุฑูู 2025,ุจูุช ุงูุตุจุงู ูู ุญู ุณูุญุงู,unknown,"https://www.google.com/maps/search/?api=1&query=24.741792818790646,46.571490926046714",performence,https://webook.com/ar/events/mdl-beast-gun-n-roses-tickets,24.74179281879065,46.57149092604672
ุจูุช ุงูุตุจุงู -  ุบุจูุฉ,699.0,08 ูุงุฑุณ 2025 - 04 ุฃุจุฑูู 2025,ุจูุช ุงูุตุจุงู ูู ุญู ุณูุญุงู,unknown,"https://www.google.com/maps/search/?api=1&query=24.741792818790646,46.571490926046714",performence,https://webook.com/ar/events/thousand-and-one-mdl-beast-25,24.74179281879065,46.57149092604672
ูุฑุด ุนูู ุงูุทุฑูู,0.0,15 ููุงูุฑ - 29 ูุงุฑุณ | 21:00 - 1:00 ูู ุงุฑุจุนุงุก - ุฎููุณ - ุฌูุนุฉ - ุณุจุช,ุญู ุงูุทูุฑูู ุงูุชุงุฑูุฎู,unknown,"https://www.google.com/maps/search/?api=1&query=24.733717098196934,46.57388469999999",performence,https://webook.com/ar/events/mdl-beast-gun-n-roses-tickets,24.733717098196934,46.57388469999999
ุฑูุถุงู ูู ุงูุฏุฑุนูุฉ,600.0,09 ูุงุฑุณ 2025 - 29 ูุงุฑุณ 2025,"At Tarif Al Jadid, Diriyah 13712, Saudi Arabia",ุงุณุชูุชุน ุจูุตู ููู ูู ุงูุฏุฑุนูุฉุ ุญูุซ ุงูุชุฑุงุซ ูุงููู ููุชููุงู. ุงูุชุดู ูุณุชูุจู ุงูููุ ูุชุฌูู ูู ุงูุทุฑูู ุงูุชุงุฑูุฎูุ ูุนุด ุฃุฌูุงุก ุฑูุถุงู. ุงุฎุชู ูููู ุจุฅูุทุงุฑ ุฑูุถุงูู ูู ุงูุณูุญุงููุฉุ ูุฃูุณูุฉ ุซูุงููุฉ ููุชุนุฉ ูุน ุงููุตุต ูุงูุญูุงูุงุช.,"https://www.google.com/maps/search/?api=1&query=24.74184391717291,46.57154276958509",performence,https://webook.com/ar/events/thousand-and-one-mdl-beast-25,24.74184391717291,46.57154276958509
ุฅูุทุงุฑ ุฑูุถุงูู ุนูุฏ ุญุงูุฉ ุงูุนุงูู,600.0,09 ูุงุฑุณ 2025 - 30 ูุงุฑุณ 2025,"ูุณููุฏุ ุญู ุงูููุตููุฉ, ุงูุฏุฑุนูุฉ",ุงุณุชูุชุน ุจุณุญุฑ ุบุฑูุจ ุงูุดูุณ ูู ุญุงูุฉ ุงูุนุงูู. ุจุนุฏ ุงูุงุณุชูุชุงุน ุจุงูููุงุธุฑ ุงูุฎูุงุจุฉุ ุงูุทูู ุฅูู ุงููุงุฏู ูุชูุงูู ุฅูุทุงุฑ ุชูููุฏู ุจุณูุท. ุจุฑููุฉ ุฎุจูุฑุ ุชุนุฑูู ุนูู ุนุงุฏุงุช ุฑูุถุงูุ ูุชูุงููุฏ ุงูุตูุงูุ ูุงูุฃูููุฉ ุงูุซูุงููุฉ ููุดุงุฑูุฉ ูุฌุจุฉ ุชุญุช ุงููุฌูู ูู ููุจ ุงูุทุจูุนุฉ.,"https://www.google.com/maps/search/?api=1&query=24.7418217,46.57145",performence,https://webook.com/ar/events/mdl-beast-gun-n-roses-tickets,24.7418217,46.57145
ููู ูู ุงูุฑูุงุถ: ุงูุชุฑุงุซุ ุงูุนูุงุฑุฉุ ู ุงูุชูุงููุฏ ุงูุฑูุถุงููุฉ,1000.0,09 ูุงุฑุณ 2025 - 30 ูุงุฑุณ 2025,"ูุณููุฏุ ุญู ุงูููุตููุฉ, ุงูุฏุฑุนูุฉ",ุงูุทูู ูู ุฑุญูุฉ ุซูุงููุฉ ููุชุนุฉ ูููู ูุงูู ูุงุณุชูุดุงู ุฑูุญ ุงูุฑูุงุถ. ุชุจุฏุฃ ุงูุฌููุฉ ุจุฒูุงุฑุฉ ูุณุฌุฏ ุงูุฑุงุฌุญูุ ุฃุญุฏ ุฃุจุฑุฒ ูุนุงูู ุงููุฏููุฉ ุงูุฏูููุฉุ ููุชุนุฑู ุนูู ุฃุตูู ุงูุชูุงููุฏ ุงูุฅุณูุงููุฉ. ุซู ููุชูู ุฅูู ุงูุฑูุงุถ ุงููุฏููุฉุ ุญูุซ ุชุชุญุฏุซ ุงููุจุงูู ุนู ุชุงุฑูุฎ ุงููุฏููุฉ ุงูุนุฑูู. ูุชุณุชูุฑ ุงูุฑุญูุฉ ุฅูู ุงูุฏุฑุนูุฉุ ููุฏ ุงูุฏููุฉ ุงูุณุนูุฏูุฉุ ููุชุฌูู ูู ุฃุฒูุชูุง ุงูุชุงุฑูุฎูุฉ. ูุนูุฏ ุบุฑูุจ ุงูุดูุณุ ูุชูุงูู ุงูุฅูุทุงุฑ ูู ุงูุณูุญุงููุฉ ุจุฑููุฉ ูุฑุดุฏูุง ุงูุฐู ุณูุดุฑุญ ููุง ุฃูููุฉ ุดูุฑ ุฑูุถุงู. ููุฎุชู ุงูููู ุจุฌูุณุฉ ุญุฑู ูุฏููุฉ ููุตูุน ุชุญูุฉ ูููุฉ ูุณุชูุญุงุฉ ูู ุนุงุฏุงุช ุฑูุถุงูุ ููุง ูุฑุจุทูุง ุจูููู ุงูุซูุงูุฉ ุงูุณุนูุฏูุฉ ุงูุฃุตููุฉ.,"https://www.google.com/maps/search/?api=1&query=24.7418217,46.57145",performence,https://webook.com/ar/events/thousand-and-one-mdl-beast-25,24.7418217,46.57145
ุฅูุทุงุฑ ูู ูุฒุฑุนุฉ ุนุงุฆูู ูุชูู,500.0,09 ูุงุฑุณ 2025 - 30 ูุงุฑุณ 2025,"ูุณููุฏุ ุญู ุงูููุตููุฉ, ุงูุฏุฑุนูุฉ",ุชูุฌู ุฅูู ูุฒุฑุนุฉ ุนุงุฆูุฉ ูุชูู ุงููุงุฏุฆุฉ ูุชูุงูู ุฅูุทุงุฑ ุฑูุถุงูู ูุง ูููุณู ูุน ุนุงุฆูุฉ ูุชูู. ุงุจุฏุฃ ุฅูุทุงุฑู ุจุงูุชูุฑ ูุงููุจู ุงูุชูููุฏููู ูู ุฌู ุฏุงูุฆ ููุฑุญุจ. ุจุนุฏ ุงูุฅูุทุงุฑุ ุงุณุชูุชุน ุจุฑููุจ ุฎูู ูุงุฏุฆ ูู ุฅุณุทุจู ูู ุงููุฒุงุญููุฉุ ูุชุตูุงู ุจุงูุทุจูุนุฉ. ุนุฏ ุฅูู ุงููุฒุฑุนุฉ ูุชุฐูู ุทุจู ุฑุฆูุณู ูุฐูุฐ ุฃุนุฏุชู ุฃู ูุชููุ ููุฏู ูู ูุฐุงููุง ูููุทุจุฎ ุงูุณุนูุฏู ุงูุฃุตูู ุงููุนุฏ ูู ุงูููุฒู.,"https://www.google.com/maps/search/?api=1&query=24.7418217,46.57145",performence,https://webook.com/ar/events/mdl-beast-gun-n-roses-tickets,24.7418217,46.57145
ุฅูุทุงุฑ ุฑูุถุงู ูู ุงูุตุญุฑุงุก: ุฑุญูุฉ ุงููุดุชุฉ,700.0,13 ูุงุฑุณ 2025 - 29 ูุงุฑุณ 2025,"ูุณููุฏุ ุญู ุงูููุตููุฉ, ุงูุฏุฑุนูุฉ",ุงุจุฏุฃ ุจุฒูุงุฑุฉ ุฅูู ูุฒุฑุนุฉ ุงูุฌูุงูุ ุญูุซ ุณูุดุงุฑูู ููุฏ ูุนูููุงุช ุนู ุชูุงููุฏ ูุฃูููุฉ ุงูุฌูุงู ูู ุงูุซูุงูุฉ ุงูุณุนูุฏูุฉ. ุจุนุฏ ุฐููุ ุณุชููู ุจุงูุฃุณุชูุชุงุน ุจุงููุดุชุฉ ุงูุชูููุฏูุฉ ูู ููุจ ุงูุตุญุฑุงุกุ ุญูุซ ุณุชูุทุฑ ุจุงูุชูุฑ ูุงููุจู ุชุญุช ุณูุงุก ุงูุตุญุฑุงุก ุงููุงุณุนุฉ. ุจุนุฏ ุงูุฅูุทุงุฑุ ุชูุฌู ุฅูู ุงูุฎููุฉ ุงูุฑุฆูุณูุฉ ููุงุณุชูุชุงุน ุจุฅูุทุงุฑ ุชูููุฏู ูุน ููุฏ ูุฃุตุฏูุงุฆูุ ููุง ูุนุฒุฒ ุชุฌุฑุจุฉ ุงูุฏูุก ููุฑู ุงูุถูุงูุฉ ูู ุญูุงุฉ ุงูุตุญุฑุงุก.,"https://www.google.com/maps/search/?api=1&query=24.7418217,46.57145",performence,https://webook.com/ar/events/thousand-and-one-mdl-beast-25,24.7418217,46.57145
ููุงูู ุฑูุถุงููุฉ: ุฑุญูุฉ ุนุจุฑ ุงูุชูุงููุฏ,300.0,09 ูุงุฑุณ 2025 - 30 ูุงุฑุณ 2025,"ูุณููุฏุ ุญู ุงูููุตููุฉ, ุงูุฏุฑุนูุฉ",ุงูุถู ุฅูููุง ูุฅูุทุงุฑ ุชูููุฏู ูู ุงูุณูุญุงููุฉุ ุญูุซ ุณุชูุทุฑ ูุน ูุฑุดุฏ ุซูุงูู. ุจูููุง ุชุณุชูุชุน ุจุงููุฌุจุฉุ ุณูุดุงุฑูู ุงููุฑุดุฏ ูุนูููุงุช ุญูู ุฃูููุฉ ุฑูุถุงูุ ุฌุฐูุฑู ุงูุฏูููุฉุ ูุงูุชูุงููุฏ ุงูุบููุฉ ุงูุชู ุชุดูู ูุฐุง ุงูุดูุฑ ุงููุจุงุฑู. ุชููุฑ ูุฐู ุงูุชุฌุฑุจุฉ ุงูุบุงูุฑุฉ ูููุงู ุฃุนูู ูุฑูุถุงูุ ูู ูุนุงููู ุงูุฑูุญูุฉ ุฅูู ุงูููุงุฑุณุงุช ุงูุซูุงููุฉ ุงูุชู ุชุฌูุน ุงููุงุณ ูุนูุง. ุจุนุฏ ุฐููุ ุณุชุณุชูุชุน ุจุฃุฌูุงุก ุงูุณูุญุงููุฉ ุจุนุฏ ุงูุฃูุทุงุฑ,"https://www.google.com/maps/search/?api=1&query=24.7418217,46.57145",performence,https://webook.com/ar/events/mdl-beast-gun-n-roses-tickets,24.7418217,46.57145
ุชูุงููุฏ ุฑูุถุงู ู ุฅูุทุงุฑ ุจุงูุฏุฑุนูุฉ,500.0,09 ูุงุฑุณ 2025 - 30 ูุงุฑุณ 2025,"ูุณููุฏุ ุญู ุงูููุตููุฉ, ุงูุฏุฑุนูุฉ","ุงุจุฏุฃ ุฑุญูุชู ูู ููุฒู ุทููู ูู ุงูุฏุฑุนูุฉ ุจุฌูุณุฉ ุญุฑููุฉ ูุฑุชุจุทุฉ ุจุดูุฑ ุฑูุถุงู ูุน ููุงู ุณุนูุฏูุ ุญูุซ ุณุชุตูุน ูุทุนุฉ ูููุฉ ูุณุชูุญุงุฉ ูู ุชูุงููุฏ ุฑูุถุงู.
ูุน ุบุฑูุจ ุงูุดูุณุ ุงูุทุฑ ูู ุฃุฌูุงุก ุชูููุฏูุฉ ุฏุงูุฆุฉ. ุงุณุชูุชุน ุจุฃุฌูุงุก ุฑูุถุงู ุงูุฃุตููุฉุ ูุชุฐูู ุงููููุงุช ุงููุญููุฉ ูุงุญุชูู ุจุงูุฃุฌูุงุก ุงูุญูููุฉ ูู ุงูุฏุฑุนูุฉ.","https://www.google.com/maps/search/?api=1&query=24.7418217,46.57145",performence,https://webook.com/ar/events/thousand-and-one-mdl-beast-25,24.7418217,46.57145
โ ุฅูุทุงุฑ ุฑูุถุงูู ุนูู ุณุทุญ ููุฒู ุทููู,300.0,09 ูุงุฑุณ 2025 - 30 ูุงุฑุณ 2025,"8054 Said Al Ansari, Al Diriyah Al Jadidah, Riyadh 13734, Saudi Arabia","ุนูุด ุชุฌุฑุจุฉ ุฅูุทุงุฑ ูููุฒุฉ ุชุญุช ุงููุฌูู ุนูู ุณุทุญ ููุฒู ุทููู ุชูููุฏู.
ุงุณุชูุชุน ุจุงูุฃุฌูุงุก ุงููุงุฏุฆุฉ ุจูููุง ูุฑุงููู ุฎุจูุฑ ุงูุทูู ูู ุฑุญูุฉ ุนุจุฑ ูููุงุช ูุชูุงููุฏ ุฑูุถุงูุ ููุดุฑุญ ูู ูุนูู ูู ุทุจู ูุงูุทููุณ ุงูุซูุงููุฉ ุงูุชู ุชุฑุงููู.
ุชุฐูู ูุฌุจุฉ ุฃุตููุฉ ูู ูุฐุง ุงูููุงู ุงููุฑูุฏุ ุญูุซ ููุชูู ุงูุชุงุฑูุฎ ูุงูุชุฑุงุซ ูุน ูููู ุงูุทูู ูู ุฃูุณูุฉ ูุง ุชููุณู.","https://www.google.com/maps/search/?api=1&query=24.7479649,46.5363683",performence,https://webook.com/ar/events/mdl-beast-gun-n-roses-tickets,24.7479649,46.5363683
ุชุฌุฑุจุฉ โุทูู ุงูุฅูุทุงุฑ ุงููุจุงุดุฑ,300.0,09 ูุงุฑุณ 2025 - 30 ูุงุฑุณ 2025,"ูุณููุฏุ ุญู ุงูููุตููุฉ, ุงูุฏุฑุนูุฉ","ุฅูุณุฑ ุตูุงูู ุจุงูุชูุฑ ูุงููุจู ุงูุชูููุฏูุ ุซู ุงูุชูู ุฅูู ุงููุทุจุฎ ูุน ุฃู ุนุจุฏุงูุฑุญูู ูุชุฌุฑุจุฉ ุทูู ูุจุงุดุฑุฉ.
ุชุนูู ุฃุณุฑุงุฑ ุชุญุถูุฑ ุทุจู ุฑุฆูุณู ุฃุตูู ูู ุฑูุถุงูุ ุจุฑููุฉ ุฎุจุฑุชูุง ููุตุตูุง ุนู ุงูุชูุงููุฏ ุงูุทูู ุงูุชู ุชูุชูู ุนุจุฑ ุงูุฃุฌูุงู.
ุงุฎุชู ุงููุณุงุก ุจูุดุงุฑูุฉ ุงููุฌุจุฉ ุงูุชู ููุช ุจุชุญุถูุฑูุงุ ูุงุญุชุถุงู ุฏูุก ููุฑู ุถูุงูุฉ ุฅูุทุงุฑ ุณุนูุฏู ุฃุตูู.","https://www.google.com/maps/search/?api=1&query=24.7418217,46.57145",performence,https://webook.com/ar/events/thousand-and-one-mdl-beast-25,24.7418217,46.57145
โุฅูุทุงุฑ ุฑูุถุงู ูู ุงููููู,2500.0,09 ูุงุฑุณ 2025 - 31 ูุงุฑุณ 2025,"ูุณููุฏุ ุญู ุงูููุตููุฉ, ุงูุฏุฑุนูุฉ","ุนูุด ุชุฌุฑุจุฉ ููุฏุฉ 24 ุณุงุนุฉ ูู ุงูููููุ ุงููุฏููุฉ ุงูุบููุฉ ุจุงูุชุงุฑูุฎ ูุงูุฌูุงู ุงูุทุจูุนู.
ุงุจุฏุฃ ุฑุญูุชู ูุน ุบุฑูุจ ุงูุดูุณ ุงูุณุงุญุฑ ูู ุจุญูุฑุฉ ุงูุฃุตูุฑุ ุญูุซ ุชูุทุฑ ูู ุฃุฌูุงุก ูุงุฏุฆุฉ ูู ุงููุงุญุฉ ุงูุฐูุจูุฉ. ุซู ุชูุฌู ุฅูู ุงูุณูู ุงููุฏููุ ุญูุซ ูุบูุฑู ุงูุฅูุทุงุฑ ุงูุชูููุฏู ูู ูุทุนู ูุญูู ุจูููุงุช ุงูููุทูุฉ.
ุจุนุฏ ุงูุนุดุงุกุ ุงุณุชูุดู ูุตุฑ ุฅุจุฑุงููู ุงูุชุงุฑูุฎูุ ููู ูุนูู ูู ูุนุงูู ุงูุชุฑุงุซ ุงูุณุนูุฏูุ ูุจู ุงูุชูุฌู ุฅูู ููุงู ุฅูุงูุชู ูู ุงููููู.
ูู ุตุจุงุญ ุงูููู ุงูุชุงููุ ุชูุฌู ุฅูู ุฌุจู ุงููุงุฑุฉ ุงููุฏูุดุ ุญูุซ ุงูุชุดูููุงุช ุงูุตุฎุฑูุฉ ุงููุฑูุฏุฉ ูุงููููู ุงูุจุงุฑุฏุฉ ุชูุฏู ูู ููุงูุฉ ูุฏูุดุฉ ูุจู ุงูุนูุฏุฉ ุฅูู ุงูุฑูุงุถ.","https://www.google.com/maps/search/?api=1&query=24.7418217,46.57145",performence,https://webook.com/ar/events/mdl-beast-gun-n-roses-tickets,24.7418217,46.57145
ุฃูู ุงูุญูยูุงููุตุงุฆุฏ ุงูุญูุฉ,0.0,15 ููุงูุฑ - 31 ูุงุฑุณ  | 21:30 ุงูู 1:00 | ุงูุฎููุณุ ุงูุฌูุนุฉ ูุงูุณุจุชุ ูู ุงุณุจูุน,ุญู ุงูุทูุฑูู ุงูุชุงุฑูุฎู,ูุฌููุนุฉ ุชุฌุณูุฏ ุฏูุฑ ุฃูู ุงูุทุฑููุ ูุดุงุฑููู ุญูุงุฆู ุญูู ุงูุฏููุฉ ุงูุณุนูุฏูุฉ ุงูุฃูููุ ูุฃุฆูุชูุงุ ูุงูุฃุญุฏุงุซ ุงูุฑุฆูุณุฉ ูููุง ููู ูุชุฌูููู ุจูู ุงูุฒูุงุฑ.,"https://www.google.com/maps/search/?api=1&query=24.733717098196934,46.57388469999999",performence,https://webook.com/ar/events/thousand-and-one-mdl-beast-25,24.733717098196934,46.57388469999999
ุฐุงูุฑุฉ ุงูุฏุฑุนูุฉ,0.0,"15 ููุงูุฑ - 28 ูุงุฑุณ |  21:00 - 1:00 | ุงูุงุฑุจุนุงุกุ ุงูุฎููุณ ูุงูุฌูุนุฉ, ุงูุณุจุช",ุญู ุงูุทูุฑูู ุงูุชุงุฑูุฎู,ูู ุนุฑุถ ุชูุงุนูู ูุณุฑุญู ูุชุญุฏุซ ุนู ูุตุฉ ุงูุฏุฑุนูุฉ. ุณูุฃุฎุฐ ุงูุฒุงุฆุฑ ุงูู ุฑุญูุฉ ุนุจุฑ ุงูุฒูู ู ุฌููุฉ ุจูู ุฃุจูุงุจ ุงูุทุฑูู ุชุญูู ุนู ุชุงุฑูุฎ ุงูุฏุฑุนูุฉุ ุฃุฆูุชูุงุ ู ุงุจุทุงููุง ู ููู ุฏุงูุนูุง ุนู ุงูุฏููุฉ ุจุฃุฑูุงุญูู.,"https://www.google.com/maps/search/?api=1&query=24.733717098196934,46.57388469999999",performence,https://webook.com/ar/events/mdl-beast-gun-n-roses-tickets,24.733717098196934,46.57388469999999
ุงูุฎูู ุงูุนุฑุจู,0.0,15 ููุงูุฑ - 31 ูุงุฑุณ | 20:30 - 1:00 | ุงูุฎููุณ ูุงูุฌูุนุฉ ูุงูุณุจุช ุฃุณุจูุนูุง,ุญู ุงูุทูุฑูู ุงูุชุงุฑูุฎู,ุชุณููุท ุงูุถูุก ุนูู ุฌูุงู ูุฃูููุฉ ุงูุฎูู ุงูุนุฑุจู ุงูุงุตูู ูุนูู ุฃูู ูุฃุดูุฑ ุงูุณูุงูุงุช ุงูุชู ุชูุงุฑุซูุงูุง ุนุจุฑ ุงูุชุงุฑูุฎ.,"https://www.google.com/maps/search/?api=1&query=24.733717098196934,46.57388469999999",performence,https://webook.com/ar/events/thousand-and-one-mdl-beast-25,24.733717098196934,46.57388469999999
